"ID","K_8"
"TCGA.02.0003",1
"TCGA.02.0004",1
"TCGA.02.0011",2
"TCGA.02.0014",2
"TCGA.02.0068",3
"TCGA.02.0069",2
"TCGA.02.0116",3
"TCGA.02.2470",1
"TCGA.02.2485",2
"TCGA.04.1335",4
"TCGA.04.1336",4
"TCGA.04.1338",4
"TCGA.04.1341",4
"TCGA.04.1342",4
"TCGA.04.1343",4
"TCGA.04.1348",4
"TCGA.04.1349",4
"TCGA.04.1356",4
"TCGA.04.1357",4
"TCGA.04.1360",4
"TCGA.04.1361",4
"TCGA.04.1362",4
"TCGA.04.1369",4
"TCGA.04.1370",4
"TCGA.04.1514",4
"TCGA.04.1516",4
"TCGA.04.1517",4
"TCGA.04.1519",4
"TCGA.04.1525",4
"TCGA.04.1542",4
"TCGA.04.1638",4
"TCGA.04.1644",4
"TCGA.04.1646",4
"TCGA.04.1648",4
"TCGA.04.1649",4
"TCGA.04.1651",4
"TCGA.04.1654",4
"TCGA.05.4244",3
"TCGA.05.4249",3
"TCGA.05.4250",3
"TCGA.05.4384",3
"TCGA.05.4396",3
"TCGA.05.4397",3
"TCGA.05.4398",3
"TCGA.05.4402",3
"TCGA.05.4405",3
"TCGA.05.4410",3
"TCGA.05.4417",3
"TCGA.05.4418",3
"TCGA.05.4420",3
"TCGA.05.4422",3
"TCGA.05.4426",3
"TCGA.05.4427",3
"TCGA.05.4430",3
"TCGA.05.4434",3
"TCGA.05.5420",3
"TCGA.05.5423",3
"TCGA.05.5425",3
"TCGA.05.5429",3
"TCGA.05.5715",1
"TCGA.06.0125",2
"TCGA.06.0126",2
"TCGA.06.0128",3
"TCGA.06.0129",2
"TCGA.06.0130",2
"TCGA.06.0154",2
"TCGA.06.0155",2
"TCGA.06.0156",2
"TCGA.06.0171",3
"TCGA.06.0189",2
"TCGA.06.0238",2
"TCGA.06.0644",1
"TCGA.06.0650",1
"TCGA.06.0875",2
"TCGA.06.0876",2
"TCGA.06.0877",2
"TCGA.06.0878",2
"TCGA.06.0879",2
"TCGA.06.0882",2
"TCGA.06.0939",2
"TCGA.06.1084",1
"TCGA.06.1086",2
"TCGA.06.1087",1
"TCGA.06.1800",2
"TCGA.06.1802",2
"TCGA.06.1804",2
"TCGA.06.1805",2
"TCGA.06.1806",2
"TCGA.06.2557",2
"TCGA.06.2558",2
"TCGA.06.2559",2
"TCGA.06.2562",2
"TCGA.06.2563",2
"TCGA.06.2564",2
"TCGA.06.2565",2
"TCGA.06.2566",2
"TCGA.06.2567",2
"TCGA.06.2570",2
"TCGA.06.5408",2
"TCGA.06.5410",1
"TCGA.06.5411",2
"TCGA.06.5412",1
"TCGA.06.5413",2
"TCGA.06.5414",2
"TCGA.06.5415",2
"TCGA.06.5416",2
"TCGA.06.5417",2
"TCGA.06.5418",2
"TCGA.06.5856",2
"TCGA.06.5858",2
"TCGA.06.5859",2
"TCGA.06.6388",2
"TCGA.06.6389",2
"TCGA.06.6390",2
"TCGA.06.6391",2
"TCGA.06.6693",2
"TCGA.06.6694",2
"TCGA.06.6695",2
"TCGA.06.6697",2
"TCGA.06.6698",2
"TCGA.06.6699",2
"TCGA.06.6700",2
"TCGA.06.6701",2
"TCGA.08.0245",3
"TCGA.08.0344",2
"TCGA.08.0345",2
"TCGA.08.0346",2
"TCGA.08.0347",2
"TCGA.08.0348",1
"TCGA.08.0349",2
"TCGA.08.0350",2
"TCGA.08.0351",2
"TCGA.08.0352",2
"TCGA.08.0353",2
"TCGA.08.0354",2
"TCGA.08.0355",2
"TCGA.08.0356",2
"TCGA.08.0357",2
"TCGA.08.0358",2
"TCGA.08.0359",2
"TCGA.08.0360",2
"TCGA.08.0373",2
"TCGA.08.0375",2
"TCGA.08.0380",2
"TCGA.08.0385",2
"TCGA.08.0386",2
"TCGA.08.0389",2
"TCGA.08.0390",2
"TCGA.08.0392",1
"TCGA.09.1662",4
"TCGA.09.1664",4
"TCGA.09.1665",4
"TCGA.09.1666",4
"TCGA.09.1670",4
"TCGA.09.1673",4
"TCGA.09.1674",5
"TCGA.09.2043",4
"TCGA.09.2044",4
"TCGA.09.2045",4
"TCGA.09.2049",4
"TCGA.09.2051",4
"TCGA.09.2054",1
"TCGA.09.2055",4
"TCGA.09.2056",4
"TCGA.10.0925",4
"TCGA.10.0926",4
"TCGA.10.0931",4
"TCGA.10.0933",4
"TCGA.10.0936",4
"TCGA.12.0691",2
"TCGA.12.0692",2
"TCGA.12.1597",2
"TCGA.12.1598",2
"TCGA.12.1599",2
"TCGA.12.3646",2
"TCGA.12.3649",2
"TCGA.12.3650",2
"TCGA.12.3651",2
"TCGA.12.3652",2
"TCGA.12.3653",2
"TCGA.12.5295",2
"TCGA.12.5301",2
"TCGA.13.0720",4
"TCGA.13.0725",4
"TCGA.13.0793",4
"TCGA.13.0794",4
"TCGA.13.0797",4
"TCGA.13.0799",4
"TCGA.13.0800",4
"TCGA.13.0801",4
"TCGA.13.0802",4
"TCGA.13.0804",4
"TCGA.13.0884",4
"TCGA.13.0886",4
"TCGA.13.0887",4
"TCGA.13.0888",4
"TCGA.13.0891",4
"TCGA.13.0894",4
"TCGA.13.0897",4
"TCGA.13.0899",4
"TCGA.13.0901",4
"TCGA.13.0903",4
"TCGA.13.0906",4
"TCGA.13.0910",4
"TCGA.13.0911",4
"TCGA.13.0913",4
"TCGA.13.0916",4
"TCGA.13.0920",4
"TCGA.13.0921",4
"TCGA.13.1404",4
"TCGA.13.1405",4
"TCGA.13.1408",4
"TCGA.13.1409",4
"TCGA.13.1410",4
"TCGA.13.1411",4
"TCGA.13.1412",4
"TCGA.13.1477",4
"TCGA.13.1481",1
"TCGA.13.1482",4
"TCGA.13.1483",4
"TCGA.13.1484",6
"TCGA.13.1487",4
"TCGA.13.1488",4
"TCGA.13.1489",4
"TCGA.13.1491",4
"TCGA.13.1492",4
"TCGA.13.1494",1
"TCGA.13.1495",4
"TCGA.13.1496",4
"TCGA.13.1498",4
"TCGA.13.1499",4
"TCGA.13.1500",4
"TCGA.13.1501",4
"TCGA.13.1504",4
"TCGA.13.1505",4
"TCGA.13.1506",4
"TCGA.13.1507",4
"TCGA.13.1509",4
"TCGA.13.1511",4
"TCGA.13.1512",4
"TCGA.13.1817",4
"TCGA.13.1819",4
"TCGA.13.2059",4
"TCGA.13.2060",4
"TCGA.13.2061",4
"TCGA.13.2065",4
"TCGA.13.2066",5
"TCGA.14.0813",2
"TCGA.14.0862",2
"TCGA.14.0871",1
"TCGA.14.1823",2
"TCGA.15.1446",2
"TCGA.15.1447",2
"TCGA.15.1449",2
"TCGA.16.0846",2
"TCGA.16.1460",2
"TCGA.18.4721",3
"TCGA.18.5592",3
"TCGA.18.5595",3
"TCGA.19.0957",2
"TCGA.19.0962",2
"TCGA.19.1386",2
"TCGA.19.1389",2
"TCGA.19.1390",2
"TCGA.19.1392",2
"TCGA.19.1786",2
"TCGA.19.1788",2
"TCGA.19.1789",2
"TCGA.19.1790",1
"TCGA.19.1791",2
"TCGA.19.2619",2
"TCGA.19.2620",2
"TCGA.19.2625",1
"TCGA.19.2631",2
"TCGA.19.4068",2
"TCGA.19.5947",1
"TCGA.19.5950",2
"TCGA.19.5951",2
"TCGA.19.5952",2
"TCGA.19.5953",1
"TCGA.19.5954",2
"TCGA.19.5955",2
"TCGA.19.5956",2
"TCGA.19.5958",2
"TCGA.19.5959",2
"TCGA.19.5960",2
"TCGA.20.1682",4
"TCGA.20.1683",4
"TCGA.20.1684",4
"TCGA.20.1685",4
"TCGA.20.1686",6
"TCGA.20.1687",4
"TCGA.21.1070",3
"TCGA.21.1071",3
"TCGA.21.1072",3
"TCGA.21.1075",3
"TCGA.21.1076",3
"TCGA.21.1078",3
"TCGA.21.1079",3
"TCGA.21.1080",3
"TCGA.21.1081",3
"TCGA.21.1082",3
"TCGA.21.1083",3
"TCGA.21.5782",3
"TCGA.21.5784",3
"TCGA.21.5786",3
"TCGA.21.5787",3
"TCGA.22.0940",3
"TCGA.22.1000",3
"TCGA.22.1011",3
"TCGA.22.4591",3
"TCGA.22.4596",3
"TCGA.22.4605",3
"TCGA.22.4607",3
"TCGA.22.4609",3
"TCGA.22.5471",3
"TCGA.22.5472",3
"TCGA.22.5473",3
"TCGA.22.5474",3
"TCGA.22.5477",3
"TCGA.22.5478",3
"TCGA.22.5479",3
"TCGA.22.5480",3
"TCGA.22.5482",3
"TCGA.22.5483",3
"TCGA.22.5485",3
"TCGA.22.5489",3
"TCGA.22.5491",3
"TCGA.22.5492",3
"TCGA.23.1109",4
"TCGA.23.1110",4
"TCGA.23.1111",6
"TCGA.23.1121",4
"TCGA.23.1122",4
"TCGA.23.1123",4
"TCGA.23.1124",4
"TCGA.23.1809",4
"TCGA.23.2077",4
"TCGA.23.2078",1
"TCGA.23.2079",4
"TCGA.23.2081",4
"TCGA.23.2641",4
"TCGA.23.2643",4
"TCGA.23.2645",4
"TCGA.23.2647",4
"TCGA.23.2649",4
"TCGA.24.0966",4
"TCGA.24.0970",4
"TCGA.24.0979",4
"TCGA.24.0980",4
"TCGA.24.0982",4
"TCGA.24.1103",4
"TCGA.24.1104",4
"TCGA.24.1105",4
"TCGA.24.1416",4
"TCGA.24.1417",4
"TCGA.24.1419",4
"TCGA.24.1422",4
"TCGA.24.1423",4
"TCGA.24.1424",4
"TCGA.24.1427",4
"TCGA.24.1428",4
"TCGA.24.1430",4
"TCGA.24.1431",4
"TCGA.24.1434",4
"TCGA.24.1435",4
"TCGA.24.1436",4
"TCGA.24.1463",4
"TCGA.24.1464",4
"TCGA.24.1466",4
"TCGA.24.1467",4
"TCGA.24.1469",6
"TCGA.24.1470",4
"TCGA.24.1471",4
"TCGA.24.1474",4
"TCGA.24.1544",4
"TCGA.24.1545",4
"TCGA.24.1546",4
"TCGA.24.1548",4
"TCGA.24.1549",4
"TCGA.24.1550",6
"TCGA.24.1551",4
"TCGA.24.1552",4
"TCGA.24.1553",4
"TCGA.24.1555",4
"TCGA.24.1556",4
"TCGA.24.1557",4
"TCGA.24.1558",4
"TCGA.24.1560",4
"TCGA.24.1562",4
"TCGA.24.1563",4
"TCGA.24.1564",4
"TCGA.24.1565",4
"TCGA.24.1567",4
"TCGA.24.1603",4
"TCGA.24.1604",4
"TCGA.24.1614",4
"TCGA.24.1616",4
"TCGA.24.1842",4
"TCGA.24.1844",4
"TCGA.24.1845",4
"TCGA.24.1846",4
"TCGA.24.1849",4
"TCGA.24.1850",4
"TCGA.24.1852",4
"TCGA.24.1920",6
"TCGA.24.1923",4
"TCGA.24.1924",4
"TCGA.24.1927",4
"TCGA.24.1930",4
"TCGA.24.2020",4
"TCGA.24.2023",4
"TCGA.24.2024",4
"TCGA.24.2026",4
"TCGA.24.2027",4
"TCGA.24.2029",4
"TCGA.24.2030",4
"TCGA.24.2033",5
"TCGA.24.2036",4
"TCGA.24.2038",4
"TCGA.24.2254",4
"TCGA.24.2260",4
"TCGA.24.2261",4
"TCGA.24.2262",4
"TCGA.24.2267",4
"TCGA.24.2271",4
"TCGA.24.2281",4
"TCGA.24.2288",4
"TCGA.24.2289",4
"TCGA.24.2290",4
"TCGA.24.2293",4
"TCGA.24.2295",4
"TCGA.24.2297",4
"TCGA.24.2298",4
"TCGA.25.1312",4
"TCGA.25.1313",4
"TCGA.25.1314",4
"TCGA.25.1315",4
"TCGA.25.1316",5
"TCGA.25.1318",4
"TCGA.25.1319",4
"TCGA.25.1320",6
"TCGA.25.1321",4
"TCGA.25.1322",4
"TCGA.25.1323",4
"TCGA.25.1325",4
"TCGA.25.1326",4
"TCGA.25.1328",4
"TCGA.25.1329",4
"TCGA.25.1623",4
"TCGA.25.1625",4
"TCGA.25.1626",4
"TCGA.25.1627",4
"TCGA.25.1628",4
"TCGA.25.1630",4
"TCGA.25.1631",4
"TCGA.25.1632",4
"TCGA.25.1633",4
"TCGA.25.1635",4
"TCGA.25.1878",4
"TCGA.25.2042",4
"TCGA.25.2390",4
"TCGA.25.2391",4
"TCGA.25.2393",4
"TCGA.25.2396",4
"TCGA.25.2397",4
"TCGA.25.2398",4
"TCGA.25.2399",4
"TCGA.25.2400",4
"TCGA.25.2401",4
"TCGA.25.2404",4
"TCGA.25.2408",4
"TCGA.25.2409",4
"TCGA.26.1440",2
"TCGA.26.1442",2
"TCGA.26.5132",2
"TCGA.26.5133",2
"TCGA.26.5134",2
"TCGA.26.6173",2
"TCGA.26.6174",2
"TCGA.27.1830",2
"TCGA.27.1831",2
"TCGA.27.1832",2
"TCGA.27.1833",2
"TCGA.27.1834",2
"TCGA.27.1836",2
"TCGA.27.2518",2
"TCGA.27.2528",2
"TCGA.28.1746",2
"TCGA.28.1747",2
"TCGA.28.1750",2
"TCGA.28.1752",2
"TCGA.28.1753",1
"TCGA.28.1757",2
"TCGA.28.1760",2
"TCGA.28.2501",2
"TCGA.28.5208",2
"TCGA.28.5214",2
"TCGA.29.1688",4
"TCGA.29.1690",4
"TCGA.29.1691",4
"TCGA.29.1693",4
"TCGA.29.1694",4
"TCGA.29.1695",4
"TCGA.29.1696",4
"TCGA.29.1697",4
"TCGA.29.1698",4
"TCGA.29.1699",4
"TCGA.29.1701",4
"TCGA.29.1702",4
"TCGA.29.1703",4
"TCGA.29.1705",4
"TCGA.29.1707",4
"TCGA.29.1711",4
"TCGA.29.1761",4
"TCGA.29.1762",4
"TCGA.29.1764",4
"TCGA.29.1766",4
"TCGA.29.1768",4
"TCGA.29.1769",4
"TCGA.29.1770",4
"TCGA.29.1771",4
"TCGA.29.1774",4
"TCGA.29.1775",4
"TCGA.29.1776",4
"TCGA.29.1777",4
"TCGA.29.1778",4
"TCGA.29.1781",4
"TCGA.29.1783",4
"TCGA.29.1785",4
"TCGA.29.2425",4
"TCGA.29.2427",4
"TCGA.29.2428",4
"TCGA.29.2429",4
"TCGA.29.2431",4
"TCGA.29.2432",4
"TCGA.29.2434",4
"TCGA.29.2435",4
"TCGA.29.2436",4
"TCGA.30.1718",4
"TCGA.30.1855",4
"TCGA.30.1856",4
"TCGA.30.1859",4
"TCGA.30.1860",4
"TCGA.30.1861",4
"TCGA.30.1869",4
"TCGA.30.1887",4
"TCGA.30.1891",4
"TCGA.30.1892",4
"TCGA.31.1944",4
"TCGA.31.1946",4
"TCGA.31.1950",4
"TCGA.31.1951",4
"TCGA.31.1955",4
"TCGA.32.1970",2
"TCGA.32.1976",2
"TCGA.32.1978",2
"TCGA.32.1982",2
"TCGA.32.1986",1
"TCGA.32.1987",2
"TCGA.32.1991",2
"TCGA.32.4210",2
"TCGA.32.4211",1
"TCGA.32.5222",2
"TCGA.33.4532",3
"TCGA.33.4547",3
"TCGA.33.4566",3
"TCGA.33.4582",3
"TCGA.33.4586",3
"TCGA.33.4589",3
"TCGA.33.6737",3
"TCGA.33.6738",3
"TCGA.34.2596",3
"TCGA.34.2604",3
"TCGA.34.2605",3
"TCGA.34.2608",3
"TCGA.34.2609",3
"TCGA.34.5231",3
"TCGA.34.5232",3
"TCGA.34.5234",3
"TCGA.34.5236",3
"TCGA.34.5239",3
"TCGA.34.5241",3
"TCGA.34.5927",3
"TCGA.34.5928",3
"TCGA.34.5929",3
"TCGA.34.7107",3
"TCGA.35.3615",3
"TCGA.35.4122",3
"TCGA.35.4123",3
"TCGA.35.5375",3
"TCGA.36.1568",4
"TCGA.36.1569",4
"TCGA.36.1570",4
"TCGA.36.1571",4
"TCGA.36.1575",4
"TCGA.36.1576",4
"TCGA.36.1577",4
"TCGA.36.1578",4
"TCGA.36.1580",4
"TCGA.36.1581",6
"TCGA.36.2529",4
"TCGA.36.2530",4
"TCGA.36.2532",4
"TCGA.36.2533",4
"TCGA.36.2534",4
"TCGA.36.2537",4
"TCGA.36.2538",4
"TCGA.36.2539",4
"TCGA.36.2540",4
"TCGA.36.2542",4
"TCGA.36.2543",4
"TCGA.36.2544",4
"TCGA.36.2545",4
"TCGA.36.2547",4
"TCGA.36.2548",4
"TCGA.36.2549",4
"TCGA.36.2551",4
"TCGA.36.2552",4
"TCGA.37.3789",3
"TCGA.37.3792",3
"TCGA.37.4129",3
"TCGA.37.4133",3
"TCGA.37.4135",3
"TCGA.37.4141",3
"TCGA.37.5819",3
"TCGA.38.4625",3
"TCGA.38.4626",3
"TCGA.38.4627",3
"TCGA.38.4629",3
"TCGA.38.6178",3
"TCGA.39.5011",3
"TCGA.39.5016",6
"TCGA.39.5019",3
"TCGA.39.5021",3
"TCGA.39.5022",3
"TCGA.39.5024",3
"TCGA.39.5027",3
"TCGA.39.5028",3
"TCGA.39.5029",3
"TCGA.39.5030",3
"TCGA.39.5031",3
"TCGA.39.5034",3
"TCGA.39.5035",3
"TCGA.39.5037",3
"TCGA.39.5040",3
"TCGA.41.2573",2
"TCGA.41.2575",2
"TCGA.41.3392",2
"TCGA.41.3393",2
"TCGA.41.3915",2
"TCGA.41.4097",2
"TCGA.41.5651",2
"TCGA.41.6646",1
"TCGA.42.2582",4
"TCGA.42.2587",4
"TCGA.42.2588",4
"TCGA.42.2589",4
"TCGA.42.2590",4
"TCGA.42.2591",4
"TCGA.42.2593",4
"TCGA.43.2578",3
"TCGA.43.2581",3
"TCGA.43.3394",3
"TCGA.43.5668",3
"TCGA.43.5670",3
"TCGA.43.6143",3
"TCGA.43.6770",3
"TCGA.43.6771",3
"TCGA.43.7656",3
"TCGA.43.7658",3
"TCGA.44.2656",3
"TCGA.44.2657",3
"TCGA.44.2661",3
"TCGA.44.2664",3
"TCGA.44.2665",3
"TCGA.44.2668",3
"TCGA.44.3396",3
"TCGA.44.3398",3
"TCGA.44.3917",3
"TCGA.44.3918",3
"TCGA.44.3919",3
"TCGA.44.4112",3
"TCGA.44.5643",6
"TCGA.44.5644",3
"TCGA.44.5645",3
"TCGA.44.6144",3
"TCGA.44.6145",3
"TCGA.44.6146",3
"TCGA.44.6147",3
"TCGA.44.6148",3
"TCGA.44.6774",3
"TCGA.44.6775",3
"TCGA.44.6776",3
"TCGA.44.6777",3
"TCGA.44.6778",3
"TCGA.44.6779",3
"TCGA.44.7659",3
"TCGA.44.7660",3
"TCGA.44.7661",3
"TCGA.44.7662",3
"TCGA.44.7667",3
"TCGA.44.7669",3
"TCGA.44.7670",3
"TCGA.44.7671",3
"TCGA.44.7672",3
"TCGA.46.6025",3
"TCGA.46.6026",3
"TCGA.49.4486",3
"TCGA.49.4487",3
"TCGA.49.4488",3
"TCGA.49.4494",3
"TCGA.49.4501",3
"TCGA.49.4505",3
"TCGA.49.4506",3
"TCGA.49.4507",3
"TCGA.49.4510",3
"TCGA.49.4512",3
"TCGA.49.4514",3
"TCGA.49.6742",3
"TCGA.49.6743",3
"TCGA.49.6744",3
"TCGA.49.6745",3
"TCGA.49.6761",3
"TCGA.49.6767",3
"TCGA.50.5044",1
"TCGA.50.5045",3
"TCGA.50.5049",3
"TCGA.50.5051",3
"TCGA.50.5066",3
"TCGA.50.5068",3
"TCGA.50.5072",3
"TCGA.50.5930",3
"TCGA.50.5931",3
"TCGA.50.5932",3
"TCGA.50.5933",3
"TCGA.50.5936",3
"TCGA.50.5939",3
"TCGA.50.5941",3
"TCGA.50.5942",3
"TCGA.50.5944",3
"TCGA.50.5946",3
"TCGA.50.6590",3
"TCGA.50.6591",3
"TCGA.50.6592",3
"TCGA.50.6593",3
"TCGA.50.6594",3
"TCGA.50.6595",3
"TCGA.50.6597",3
"TCGA.50.6673",3
"TCGA.50.7109",3
"TCGA.51.6867",3
"TCGA.52.7810",3
"TCGA.52.7811",3
"TCGA.52.7812",3
"TCGA.53.7624",3
"TCGA.53.7626",3
"TCGA.53.7813",3
"TCGA.55.1592",3
"TCGA.55.1594",3
"TCGA.55.1596",3
"TCGA.55.5899",3
"TCGA.55.6543",3
"TCGA.55.6712",3
"TCGA.55.6969",3
"TCGA.55.6970",3
"TCGA.55.6971",3
"TCGA.55.6978",3
"TCGA.55.6979",3
"TCGA.55.6981",3
"TCGA.55.6982",3
"TCGA.55.7573",3
"TCGA.55.7574",3
"TCGA.55.7728",3
"TCGA.55.7815",3
"TCGA.55.7910",3
"TCGA.55.7911",3
"TCGA.56.5897",3
"TCGA.56.5898",3
"TCGA.56.6545",3
"TCGA.56.6546",3
"TCGA.56.7221",3
"TCGA.56.7222",3
"TCGA.56.7730",3
"TCGA.57.1586",4
"TCGA.59.2348",4
"TCGA.59.2349",6
"TCGA.59.2351",4
"TCGA.59.2352",4
"TCGA.59.2354",4
"TCGA.59.2363",4
"TCGA.59.2372",4
"TCGA.60.2695",3
"TCGA.60.2696",3
"TCGA.60.2697",3
"TCGA.60.2698",3
"TCGA.60.2703",3
"TCGA.60.2704",3
"TCGA.60.2706",3
"TCGA.60.2708",3
"TCGA.60.2709",3
"TCGA.60.2710",3
"TCGA.60.2711",3
"TCGA.60.2712",3
"TCGA.60.2713",3
"TCGA.60.2714",3
"TCGA.60.2716",7
"TCGA.60.2719",3
"TCGA.60.2720",3
"TCGA.60.2721",3
"TCGA.60.2724",3
"TCGA.60.2725",3
"TCGA.60.2726",3
"TCGA.61.1721",4
"TCGA.61.1722",4
"TCGA.61.1724",4
"TCGA.61.1727",4
"TCGA.61.1730",4
"TCGA.61.1733",4
"TCGA.61.1734",4
"TCGA.61.1736",4
"TCGA.61.1738",6
"TCGA.61.1740",4
"TCGA.61.1741",4
"TCGA.61.1743",6
"TCGA.61.1895",4
"TCGA.61.1899",4
"TCGA.61.1900",4
"TCGA.61.1903",4
"TCGA.61.1906",4
"TCGA.61.1907",5
"TCGA.61.1910",4
"TCGA.61.1911",4
"TCGA.61.1913",4
"TCGA.61.1914",4
"TCGA.61.1915",4
"TCGA.61.1916",4
"TCGA.61.1918",4
"TCGA.61.1919",4
"TCGA.61.1995",4
"TCGA.61.2000",4
"TCGA.61.2003",4
"TCGA.61.2009",4
"TCGA.61.2012",4
"TCGA.61.2017",4
"TCGA.61.2018",4
"TCGA.61.2087",4
"TCGA.61.2088",4
"TCGA.61.2092",4
"TCGA.61.2094",4
"TCGA.61.2095",4
"TCGA.61.2096",4
"TCGA.61.2098",4
"TCGA.61.2101",4
"TCGA.61.2102",1
"TCGA.61.2104",4
"TCGA.61.2109",4
"TCGA.61.2111",4
"TCGA.61.2113",4
"TCGA.61.2610",4
"TCGA.61.2612",4
"TCGA.61.2613",4
"TCGA.61.2614",4
"TCGA.63.5128",3
"TCGA.63.5131",3
"TCGA.63.6202",3
"TCGA.63.7020",3
"TCGA.63.7021",3
"TCGA.63.7022",3
"TCGA.63.7023",3
"TCGA.64.1676",3
"TCGA.64.1677",3
"TCGA.64.1678",3
"TCGA.64.1679",3
"TCGA.64.1680",3
"TCGA.64.1681",3
"TCGA.64.5774",3
"TCGA.64.5778",3
"TCGA.64.5779",3
"TCGA.64.5781",3
"TCGA.64.5815",3
"TCGA.66.2727",3
"TCGA.66.2737",3
"TCGA.66.2758",3
"TCGA.66.2766",3
"TCGA.66.2767",3
"TCGA.66.2768",3
"TCGA.66.2769",3
"TCGA.66.2770",3
"TCGA.66.2773",3
"TCGA.66.2777",3
"TCGA.66.2778",3
"TCGA.66.2781",3
"TCGA.66.2782",3
"TCGA.66.2783",3
"TCGA.66.2785",3
"TCGA.66.2788",3
"TCGA.66.2790",3
"TCGA.66.2791",3
"TCGA.66.2794",3
"TCGA.66.2795",3
"TCGA.66.2800",3
"TCGA.67.3771",3
"TCGA.67.6215",3
"TCGA.67.6216",3
"TCGA.67.6217",3
"TCGA.68.7756",3
"TCGA.69.7760",3
"TCGA.69.7761",3
"TCGA.69.7763",3
"TCGA.69.7764",3
"TCGA.69.7765",3
"TCGA.70.6722",3
"TCGA.70.6723",3
"TCGA.71.6725",3
"TCGA.73.4658",3
"TCGA.73.4659",3
"TCGA.73.4670",3
"TCGA.73.4675",3
"TCGA.73.4676",3
"TCGA.73.7498",3
"TCGA.73.7499",3
"TCGA.74.6573",2
"TCGA.74.6575",2
"TCGA.74.6577",2
"TCGA.74.6578",2
"TCGA.74.6581",2
"TCGA.74.6584",2
"TCGA.75.5122",3
"TCGA.75.5125",3
"TCGA.75.6203",3
"TCGA.75.6205",3
"TCGA.75.6206",3
"TCGA.75.6207",3
"TCGA.75.6211",3
"TCGA.75.6212",3
"TCGA.75.6214",3
"TCGA.75.7027",3
"TCGA.75.7030",3
"TCGA.75.7031",6
"TCGA.76.4926",2
"TCGA.76.4927",2
"TCGA.76.4928",3
"TCGA.76.4929",2
"TCGA.76.4931",2
"TCGA.76.4932",2
"TCGA.76.6192",2
"TCGA.76.6193",2
"TCGA.76.6282",2
"TCGA.76.6283",2
"TCGA.76.6285",2
"TCGA.76.6656",2
"TCGA.76.6657",2
"TCGA.76.6660",1
"TCGA.76.6661",3
"TCGA.76.6662",2
"TCGA.76.6663",2
"TCGA.76.6664",2
"TCGA.77.6842",3
"TCGA.77.6843",3
"TCGA.77.6844",3
"TCGA.77.6845",3
"TCGA.77.7139",3
"TCGA.77.7141",3
"TCGA.77.7142",3
"TCGA.77.7335",3
"TCGA.77.7337",3
"TCGA.77.7338",3
"TCGA.77.7463",3
"TCGA.77.7465",3
"TCGA.78.7143",3
"TCGA.78.7145",3
"TCGA.78.7146",3
"TCGA.78.7147",3
"TCGA.78.7148",3
"TCGA.78.7149",3
"TCGA.78.7150",3
"TCGA.78.7152",3
"TCGA.78.7153",3
"TCGA.78.7154",3
"TCGA.78.7155",3
"TCGA.78.7156",3
"TCGA.78.7158",3
"TCGA.78.7159",3
"TCGA.78.7160",3
"TCGA.78.7161",3
"TCGA.78.7162",3
"TCGA.78.7163",3
"TCGA.78.7166",3
"TCGA.78.7167",3
"TCGA.78.7535",3
"TCGA.78.7536",3
"TCGA.78.7537",3
"TCGA.78.7539",3
"TCGA.78.7540",3
"TCGA.78.7542",3
"TCGA.78.7633",3
"TCGA.79.5596",3
"TCGA.80.5607",3
"TCGA.80.5608",3
"TCGA.80.5611",3
"TCGA.81.5910",2
"TCGA.83.5908",3
"TCGA.85.6175",3
"TCGA.85.6560",3
"TCGA.85.6561",3
"TCGA.85.6798",3
"TCGA.85.7696",3
"TCGA.85.7697",3
"TCGA.85.7698",3
"TCGA.85.7699",3
"TCGA.85.7710",3
"TCGA.85.7843",3
"TCGA.85.7844",3
"TCGA.85.7950",3
"TCGA.86.6562",3
"TCGA.86.6851",3
"TCGA.86.7701",3
"TCGA.86.7711",3
"TCGA.86.7713",3
"TCGA.86.7953",3
"TCGA.86.7954",3
"TCGA.86.7955",3
"TCGA.90.6837",3
"TCGA.90.7766",3
"TCGA.90.7767",3
"TCGA.90.7769",3
"TCGA.91.6828",3
"TCGA.91.6829",3
"TCGA.91.6830",3
"TCGA.91.6831",3
"TCGA.91.6835",3
"TCGA.91.6836",3
"TCGA.91.6840",3
"TCGA.91.6847",3
"TCGA.91.6848",3
"TCGA.91.6849",3
"TCGA.91.7771",3
"TCGA.92.7340",3
"TCGA.93.7348",3
"TCGA.94.7033",3
"TCGA.94.7557",3
"TCGA.94.7943",3
"TCGA.95.7039",3
"TCGA.95.7043",6
"TCGA.95.7567",3
"TCGA.95.7944",3
"TCGA.95.7947",3
"TCGA.95.7948",3
"TCGA.96.7544",3
"TCGA.97.7546",3
"TCGA.97.7552",3
"TCGA.97.7553",3
"TCGA.97.7554",3
"TCGA.97.7937",3
"TCGA.97.7938",3
"TCGA.97.7941",3
"TCGA.98.7454",3
"TCGA.99.7458",3
"TCGA.A1.A0SF",8
"TCGA.A1.A0SH",8
"TCGA.A1.A0SJ",8
"TCGA.A1.A0SK",6
"TCGA.A1.A0SO",6
"TCGA.A1.A0SQ",8
"TCGA.A2.A04N",8
"TCGA.A2.A04P",6
"TCGA.A2.A04Q",1
"TCGA.A2.A04T",6
"TCGA.A2.A04U",6
"TCGA.A2.A04V",8
"TCGA.A2.A04W",6
"TCGA.A2.A04Y",8
"TCGA.A2.A0CK",8
"TCGA.A2.A0CL",8
"TCGA.A2.A0CM",6
"TCGA.A2.A0CP",8
"TCGA.A2.A0CQ",8
"TCGA.A2.A0CR",8
"TCGA.A2.A0CS",8
"TCGA.A2.A0CT",8
"TCGA.A2.A0CU",8
"TCGA.A2.A0CV",8
"TCGA.A2.A0CW",8
"TCGA.A2.A0CX",6
"TCGA.A2.A0CY",8
"TCGA.A2.A0CZ",1
"TCGA.A2.A0D0",6
"TCGA.A2.A0D1",6
"TCGA.A2.A0D2",6
"TCGA.A2.A0D3",8
"TCGA.A2.A0D4",8
"TCGA.A2.A0EO",8
"TCGA.A2.A0EP",8
"TCGA.A2.A0EQ",6
"TCGA.A2.A0ER",1
"TCGA.A2.A0ES",8
"TCGA.A2.A0EU",8
"TCGA.A2.A0EV",8
"TCGA.A2.A0EW",8
"TCGA.A2.A0EX",8
"TCGA.A2.A0EY",6
"TCGA.A2.A0ST",6
"TCGA.A2.A0SU",8
"TCGA.A2.A0SV",8
"TCGA.A2.A0SW",8
"TCGA.A2.A0SX",6
"TCGA.A2.A0T0",6
"TCGA.A2.A0T1",6
"TCGA.A2.A0T2",6
"TCGA.A2.A0T3",1
"TCGA.A2.A0T4",8
"TCGA.A2.A0T5",8
"TCGA.A2.A0T6",8
"TCGA.A2.A0T7",8
"TCGA.A2.A0YC",1
"TCGA.A2.A0YD",8
"TCGA.A2.A0YE",6
"TCGA.A2.A0YF",1
"TCGA.A2.A0YG",6
"TCGA.A2.A0YH",8
"TCGA.A2.A0YI",8
"TCGA.A2.A0YJ",6
"TCGA.A2.A0YK",1
"TCGA.A2.A0YL",8
"TCGA.A2.A0YM",4
"TCGA.A2.A0YT",8
"TCGA.A2.A1FV",8
"TCGA.A2.A1FW",8
"TCGA.A2.A1FX",8
"TCGA.A2.A1FZ",1
"TCGA.A2.A1G0",8
"TCGA.A2.A1G1",1
"TCGA.A2.A1G4",8
"TCGA.A2.A1G6",1
"TCGA.A2.A259",1
"TCGA.A2.A25A",8
"TCGA.A2.A25B",8
"TCGA.A2.A25C",8
"TCGA.A2.A25D",8
"TCGA.A2.A25E",8
"TCGA.A2.A25F",6
"TCGA.A2.A3KC",8
"TCGA.A2.A3KD",8
"TCGA.A2.A3XT",6
"TCGA.A2.A3XU",6
"TCGA.A2.A3XV",6
"TCGA.A2.A3XW",8
"TCGA.A2.A3XX",1
"TCGA.A2.A3XZ",6
"TCGA.A3.3306",1
"TCGA.A3.3308",1
"TCGA.A3.3311",1
"TCGA.A3.3313",3
"TCGA.A3.3316",1
"TCGA.A3.3317",1
"TCGA.A3.3319",1
"TCGA.A3.3320",1
"TCGA.A3.3322",1
"TCGA.A3.3323",1
"TCGA.A3.3324",1
"TCGA.A3.3326",1
"TCGA.A3.3329",1
"TCGA.A3.3331",1
"TCGA.A3.3335",1
"TCGA.A3.3336",1
"TCGA.A3.3346",1
"TCGA.A3.3347",1
"TCGA.A3.3349",1
"TCGA.A3.3351",1
"TCGA.A3.3352",1
"TCGA.A3.3357",1
"TCGA.A3.3362",1
"TCGA.A3.3363",1
"TCGA.A3.3365",1
"TCGA.A3.3367",1
"TCGA.A3.3370",1
"TCGA.A3.3372",1
"TCGA.A3.3373",1
"TCGA.A3.3374",3
"TCGA.A3.3376",1
"TCGA.A3.3378",3
"TCGA.A3.3380",1
"TCGA.A3.3382",1
"TCGA.A3.3383",1
"TCGA.A3.3385",1
"TCGA.A3.3387",1
"TCGA.A5.A0G1",5
"TCGA.A5.A0G2",6
"TCGA.A5.A0G3",1
"TCGA.A5.A0G5",6
"TCGA.A5.A0G9",5
"TCGA.A5.A0GA",5
"TCGA.A5.A0GB",5
"TCGA.A5.A0GD",5
"TCGA.A5.A0GE",5
"TCGA.A5.A0GG",5
"TCGA.A5.A0GH",5
"TCGA.A5.A0GI",5
"TCGA.A5.A0GJ",5
"TCGA.A5.A0GM",5
"TCGA.A5.A0GN",5
"TCGA.A5.A0GQ",5
"TCGA.A5.A0GR",5
"TCGA.A5.A0GU",5
"TCGA.A5.A0GV",5
"TCGA.A5.A0GW",5
"TCGA.A5.A0GX",5
"TCGA.A5.A0R6",5
"TCGA.A5.A0R7",5
"TCGA.A5.A0R8",5
"TCGA.A5.A0R9",5
"TCGA.A5.A0RA",5
"TCGA.A5.A0VO",5
"TCGA.A5.A0VP",5
"TCGA.A5.A0VQ",5
"TCGA.A5.A1OF",5
"TCGA.A5.A1OG",5
"TCGA.A5.A1OH",1
"TCGA.A5.A1OJ",5
"TCGA.A5.A1OK",5
"TCGA.A5.A2K3",6
"TCGA.A5.A2K4",5
"TCGA.A5.A2K5",5
"TCGA.A5.A2K7",5
"TCGA.A5.A3LO",3
"TCGA.A5.A3LP",6
"TCGA.A6.2671",7
"TCGA.A6.2672",7
"TCGA.A6.2676",7
"TCGA.A6.2677",7
"TCGA.A6.2678",7
"TCGA.A6.2680",7
"TCGA.A6.2681",7
"TCGA.A6.2683",7
"TCGA.A6.2684",7
"TCGA.A6.2685",7
"TCGA.A6.2686",7
"TCGA.A6.3807",3
"TCGA.A6.3808",7
"TCGA.A6.3809",3
"TCGA.A6.3810",7
"TCGA.A6.5656",7
"TCGA.A6.5657",7
"TCGA.A6.5659",7
"TCGA.A6.5660",7
"TCGA.A6.5661",3
"TCGA.A6.5662",7
"TCGA.A6.5664",7
"TCGA.A6.5665",7
"TCGA.A6.5666",7
"TCGA.A6.5667",7
"TCGA.A6.6137",7
"TCGA.A6.6138",7
"TCGA.A6.6140",7
"TCGA.A6.6141",7
"TCGA.A6.6142",7
"TCGA.A6.6648",3
"TCGA.A6.6649",7
"TCGA.A6.6650",7
"TCGA.A6.6651",1
"TCGA.A6.6652",7
"TCGA.A6.6653",3
"TCGA.A6.6654",7
"TCGA.A6.6780",3
"TCGA.A6.6781",3
"TCGA.A6.6782",7
"TCGA.A7.A0CD",8
"TCGA.A7.A0CE",6
"TCGA.A7.A0CG",8
"TCGA.A7.A0CH",8
"TCGA.A7.A0CJ",8
"TCGA.A7.A0D9",8
"TCGA.A7.A0DA",6
"TCGA.A7.A0DB",8
"TCGA.A7.A0DC",8
"TCGA.A7.A13D",6
"TCGA.A7.A13E",6
"TCGA.A7.A13F",8
"TCGA.A7.A26E",8
"TCGA.A7.A26F",6
"TCGA.A7.A26G",1
"TCGA.A7.A26H",8
"TCGA.A7.A26I",6
"TCGA.A7.A2KD",6
"TCGA.A7.A3IZ",8
"TCGA.A7.A3J0",8
"TCGA.A7.A3J1",8
"TCGA.A7.A3RF",8
"TCGA.A8.A06N",8
"TCGA.A8.A06P",8
"TCGA.A8.A06R",8
"TCGA.A8.A06U",8
"TCGA.A8.A06X",8
"TCGA.A8.A06Y",8
"TCGA.A8.A06Z",8
"TCGA.A8.A075",8
"TCGA.A8.A076",6
"TCGA.A8.A079",8
"TCGA.A8.A07E",1
"TCGA.A8.A07F",8
"TCGA.A8.A07I",6
"TCGA.A8.A07O",6
"TCGA.A8.A07P",8
"TCGA.A8.A07R",6
"TCGA.A8.A07S",8
"TCGA.A8.A07W",8
"TCGA.A8.A07Z",8
"TCGA.A8.A081",8
"TCGA.A8.A082",8
"TCGA.A8.A083",8
"TCGA.A8.A084",8
"TCGA.A8.A085",8
"TCGA.A8.A086",8
"TCGA.A8.A08A",8
"TCGA.A8.A08G",8
"TCGA.A8.A08H",8
"TCGA.A8.A08J",6
"TCGA.A8.A08L",6
"TCGA.A8.A08O",8
"TCGA.A8.A08P",8
"TCGA.A8.A08T",8
"TCGA.A8.A08X",6
"TCGA.A8.A08Z",8
"TCGA.A8.A091",8
"TCGA.A8.A094",6
"TCGA.A8.A095",1
"TCGA.A8.A099",8
"TCGA.A8.A09A",8
"TCGA.A8.A09B",8
"TCGA.A8.A09C",8
"TCGA.A8.A09E",8
"TCGA.A8.A09G",6
"TCGA.A8.A09I",6
"TCGA.A8.A09K",8
"TCGA.A8.A09M",8
"TCGA.A8.A09R",8
"TCGA.A8.A09W",8
"TCGA.A8.A09X",6
"TCGA.A8.A09Z",8
"TCGA.A8.A0A4",8
"TCGA.A8.A0A7",6
"TCGA.AA.3489",7
"TCGA.AA.3492",7
"TCGA.AA.3496",7
"TCGA.AA.3502",7
"TCGA.AA.3506",7
"TCGA.AA.3510",7
"TCGA.AA.3511",7
"TCGA.AA.3514",7
"TCGA.AA.3517",7
"TCGA.AA.3519",7
"TCGA.AA.3520",7
"TCGA.AA.3521",7
"TCGA.AA.3522",7
"TCGA.AA.3525",7
"TCGA.AA.3529",7
"TCGA.AA.3530",7
"TCGA.AA.3531",7
"TCGA.AA.3532",3
"TCGA.AA.3534",7
"TCGA.AA.3548",7
"TCGA.AA.3552",7
"TCGA.AA.3553",7
"TCGA.AA.3554",3
"TCGA.AA.3555",3
"TCGA.AA.3558",7
"TCGA.AA.3560",7
"TCGA.AA.3561",7
"TCGA.AA.3562",7
"TCGA.AA.3655",7
"TCGA.AA.3664",7
"TCGA.AA.3672",3
"TCGA.AA.3678",7
"TCGA.AA.3681",3
"TCGA.AA.3688",7
"TCGA.AA.3695",7
"TCGA.AA.3696",7
"TCGA.AA.3697",7
"TCGA.AA.3710",3
"TCGA.AA.3712",7
"TCGA.AA.3713",7
"TCGA.AA.3715",7
"TCGA.AA.3811",7
"TCGA.AA.3812",7
"TCGA.AA.3814",7
"TCGA.AA.3815",3
"TCGA.AA.3818",7
"TCGA.AA.3819",7
"TCGA.AA.3831",7
"TCGA.AA.3833",3
"TCGA.AA.3837",7
"TCGA.AA.3841",3
"TCGA.AA.3844",7
"TCGA.AA.3845",3
"TCGA.AA.3848",7
"TCGA.AA.3850",3
"TCGA.AA.3852",3
"TCGA.AA.3854",7
"TCGA.AA.3856",7
"TCGA.AA.3861",7
"TCGA.AA.3862",3
"TCGA.AA.3864",3
"TCGA.AA.3866",7
"TCGA.AA.3869",3
"TCGA.AA.3872",7
"TCGA.AA.3930",7
"TCGA.AA.3947",7
"TCGA.AA.3950",3
"TCGA.AA.3955",7
"TCGA.AA.3968",7
"TCGA.AA.3971",7
"TCGA.AA.3972",7
"TCGA.AA.3973",7
"TCGA.AA.3975",7
"TCGA.AA.3982",7
"TCGA.AA.3986",3
"TCGA.AA.3989",7
"TCGA.AA.A004",7
"TCGA.AA.A00A",7
"TCGA.AA.A00E",7
"TCGA.AA.A00F",7
"TCGA.AA.A00J",7
"TCGA.AA.A00K",7
"TCGA.AA.A00L",7
"TCGA.AA.A00N",3
"TCGA.AA.A00Q",7
"TCGA.AA.A00R",3
"TCGA.AA.A00U",7
"TCGA.AA.A00W",7
"TCGA.AA.A00Z",7
"TCGA.AA.A010",3
"TCGA.AA.A017",7
"TCGA.AA.A01C",7
"TCGA.AA.A01D",7
"TCGA.AA.A01F",7
"TCGA.AA.A01I",7
"TCGA.AA.A01K",7
"TCGA.AA.A01P",7
"TCGA.AA.A01Q",3
"TCGA.AA.A01R",7
"TCGA.AA.A01S",7
"TCGA.AA.A01T",7
"TCGA.AA.A01V",7
"TCGA.AA.A01X",7
"TCGA.AA.A022",7
"TCGA.AA.A024",7
"TCGA.AA.A029",7
"TCGA.AA.A02E",7
"TCGA.AA.A02F",7
"TCGA.AA.A02H",7
"TCGA.AA.A02J",7
"TCGA.AA.A02K",7
"TCGA.AA.A02O",7
"TCGA.AA.A02R",7
"TCGA.AA.A02W",7
"TCGA.AA.A02Y",7
"TCGA.AA.A03F",3
"TCGA.AA.A03J",7
"TCGA.AC.A23C",8
"TCGA.AC.A23E",8
"TCGA.AC.A2B8",8
"TCGA.AC.A2BK",6
"TCGA.AC.A2BM",8
"TCGA.AC.A2FB",1
"TCGA.AC.A2FE",8
"TCGA.AC.A2FF",8
"TCGA.AC.A2FG",8
"TCGA.AC.A2FM",8
"TCGA.AC.A2QI",8
"TCGA.AC.A2QJ",1
"TCGA.AC.A3HN",1
"TCGA.AC.A3QP",8
"TCGA.AC.A3TM",8
"TCGA.AC.A3TN",8
"TCGA.AC.A3W5",8
"TCGA.AC.A3W6",8
"TCGA.AC.A3W7",8
"TCGA.AC.A3YJ",8
"TCGA.AD.5900",1
"TCGA.AD.6548",3
"TCGA.AD.6889",7
"TCGA.AD.6899",7
"TCGA.AD.6965",7
"TCGA.AF.2689",7
"TCGA.AF.2690",7
"TCGA.AF.3400",7
"TCGA.AF.3913",7
"TCGA.AF.3914",3
"TCGA.AF.5654",7
"TCGA.AF.6136",7
"TCGA.AF.6655",7
"TCGA.AF.6672",7
"TCGA.AF.6784",7
"TCGA.AG.3574",7
"TCGA.AG.3578",7
"TCGA.AG.3580",7
"TCGA.AG.3581",7
"TCGA.AG.3582",7
"TCGA.AG.3583",7
"TCGA.AG.3584",7
"TCGA.AG.3586",7
"TCGA.AG.3587",7
"TCGA.AG.3591",7
"TCGA.AG.3593",7
"TCGA.AG.3594",7
"TCGA.AG.3598",7
"TCGA.AG.3599",7
"TCGA.AG.3600",7
"TCGA.AG.3601",7
"TCGA.AG.3602",7
"TCGA.AG.3605",7
"TCGA.AG.3609",7
"TCGA.AG.3612",7
"TCGA.AG.3725",7
"TCGA.AG.3727",7
"TCGA.AG.3731",7
"TCGA.AG.3742",7
"TCGA.AG.3878",7
"TCGA.AG.3881",7
"TCGA.AG.3882",3
"TCGA.AG.3885",7
"TCGA.AG.3891",3
"TCGA.AG.3893",3
"TCGA.AG.3896",7
"TCGA.AG.3898",3
"TCGA.AG.3901",7
"TCGA.AG.3902",3
"TCGA.AG.4001",7
"TCGA.AG.4005",3
"TCGA.AG.4007",7
"TCGA.AG.4008",7
"TCGA.AG.4015",7
"TCGA.AG.4021",7
"TCGA.AG.4022",7
"TCGA.AG.A002",3
"TCGA.AG.A008",7
"TCGA.AG.A00C",7
"TCGA.AG.A00H",3
"TCGA.AG.A00Y",7
"TCGA.AG.A011",7
"TCGA.AG.A014",7
"TCGA.AG.A015",7
"TCGA.AG.A016",7
"TCGA.AG.A01J",7
"TCGA.AG.A01N",3
"TCGA.AG.A01W",3
"TCGA.AG.A01Y",3
"TCGA.AG.A020",3
"TCGA.AG.A023",7
"TCGA.AG.A026",7
"TCGA.AG.A02G",7
"TCGA.AG.A02N",7
"TCGA.AG.A02X",7
"TCGA.AG.A036",7
"TCGA.AH.6544",7
"TCGA.AH.6547",7
"TCGA.AH.6549",7
"TCGA.AH.6643",3
"TCGA.AH.6644",3
"TCGA.AH.6897",7
"TCGA.AJ.A23M",5
"TCGA.AJ.A23N",4
"TCGA.AJ.A23O",5
"TCGA.AJ.A2QK",5
"TCGA.AJ.A2QL",5
"TCGA.AJ.A2QM",5
"TCGA.AJ.A3BD",5
"TCGA.AJ.A3BF",5
"TCGA.AJ.A3BH",5
"TCGA.AJ.A3BK",5
"TCGA.AJ.A3EK",5
"TCGA.AJ.A3NC",3
"TCGA.AJ.A3NG",3
"TCGA.AJ.A3NH",5
"TCGA.AJ.A3OJ",5
"TCGA.AJ.A3OK",5
"TCGA.AJ.A3OL",5
"TCGA.AJ.A3TW",6
"TCGA.AK.3427",3
"TCGA.AK.3428",3
"TCGA.AK.3434",1
"TCGA.AK.3436",1
"TCGA.AK.3444",1
"TCGA.AK.3451",1
"TCGA.AK.3456",3
"TCGA.AM.5820",7
"TCGA.AM.5821",3
"TCGA.AN.A041",8
"TCGA.AN.A049",8
"TCGA.AN.A04A",8
"TCGA.AN.A04D",6
"TCGA.AN.A0AJ",8
"TCGA.AN.A0AK",8
"TCGA.AN.A0AL",6
"TCGA.AN.A0AM",8
"TCGA.AN.A0AR",6
"TCGA.AN.A0AS",8
"TCGA.AN.A0AT",6
"TCGA.AN.A0FD",8
"TCGA.AN.A0FF",8
"TCGA.AN.A0FJ",6
"TCGA.AN.A0FK",8
"TCGA.AN.A0FL",6
"TCGA.AN.A0FS",8
"TCGA.AN.A0FT",6
"TCGA.AN.A0FV",6
"TCGA.AN.A0FW",8
"TCGA.AN.A0FX",1
"TCGA.AN.A0FY",8
"TCGA.AN.A0FZ",8
"TCGA.AN.A0G0",6
"TCGA.AN.A0XN",8
"TCGA.AN.A0XO",8
"TCGA.AN.A0XP",8
"TCGA.AN.A0XS",8
"TCGA.AN.A0XT",8
"TCGA.AN.A0XU",6
"TCGA.AN.A0XW",8
"TCGA.AO.A03L",8
"TCGA.AO.A03M",8
"TCGA.AO.A03N",8
"TCGA.AO.A03O",8
"TCGA.AO.A03P",8
"TCGA.AO.A03U",6
"TCGA.AO.A0J2",6
"TCGA.AO.A0J3",8
"TCGA.AO.A0J5",8
"TCGA.AO.A0J6",6
"TCGA.AO.A0J7",8
"TCGA.AO.A0J8",8
"TCGA.AO.A0J9",8
"TCGA.AO.A0JB",8
"TCGA.AO.A0JC",8
"TCGA.AO.A0JD",8
"TCGA.AO.A0JE",6
"TCGA.AO.A0JF",8
"TCGA.AO.A0JG",8
"TCGA.AO.A0JI",8
"TCGA.AO.A0JJ",8
"TCGA.AO.A0JL",6
"TCGA.AO.A0JM",1
"TCGA.AO.A124",6
"TCGA.AO.A126",8
"TCGA.AO.A128",6
"TCGA.AO.A129",6
"TCGA.AO.A12A",8
"TCGA.AO.A12B",8
"TCGA.AO.A12C",8
"TCGA.AO.A12D",6
"TCGA.AO.A12E",8
"TCGA.AO.A12F",6
"TCGA.AO.A12G",8
"TCGA.AO.A12H",8
"TCGA.AO.A1KO",8
"TCGA.AO.A1KP",8
"TCGA.AO.A1KQ",8
"TCGA.AO.A1KR",6
"TCGA.AO.A1KS",8
"TCGA.AO.A1KT",8
"TCGA.AP.A051",5
"TCGA.AP.A052",5
"TCGA.AP.A053",5
"TCGA.AP.A054",4
"TCGA.AP.A056",5
"TCGA.AP.A059",5
"TCGA.AP.A05A",5
"TCGA.AP.A05D",5
"TCGA.AP.A05H",5
"TCGA.AP.A05J",5
"TCGA.AP.A05N",5
"TCGA.AP.A05O",5
"TCGA.AP.A05P",5
"TCGA.AP.A0LD",5
"TCGA.AP.A0LE",5
"TCGA.AP.A0LF",6
"TCGA.AP.A0LG",5
"TCGA.AP.A0LH",5
"TCGA.AP.A0LI",6
"TCGA.AP.A0LJ",5
"TCGA.AP.A0LL",5
"TCGA.AP.A0LM",5
"TCGA.AP.A0LN",5
"TCGA.AP.A0LP",5
"TCGA.AP.A0LS",5
"TCGA.AP.A0LT",5
"TCGA.AP.A0LV",5
"TCGA.AP.A1DH",5
"TCGA.AP.A1DM",5
"TCGA.AP.A1DO",5
"TCGA.AP.A1DP",5
"TCGA.AP.A1DQ",5
"TCGA.AP.A1DR",5
"TCGA.AP.A1DV",5
"TCGA.AP.A1E0",5
"TCGA.AP.A1E1",5
"TCGA.AP.A1E3",5
"TCGA.AP.A1E4",5
"TCGA.AP.A3K1",5
"TCGA.AQ.A04L",1
"TCGA.AQ.A1H2",8
"TCGA.AQ.A1H3",1
"TCGA.AR.A0TP",6
"TCGA.AR.A0TQ",6
"TCGA.AR.A0TR",8
"TCGA.AR.A0TS",6
"TCGA.AR.A0TT",8
"TCGA.AR.A0TU",6
"TCGA.AR.A0TV",8
"TCGA.AR.A0TW",8
"TCGA.AR.A0TX",6
"TCGA.AR.A0TY",8
"TCGA.AR.A0TZ",1
"TCGA.AR.A0U0",6
"TCGA.AR.A0U1",6
"TCGA.AR.A0U2",3
"TCGA.AR.A0U3",8
"TCGA.AR.A0U4",3
"TCGA.AR.A1AH",6
"TCGA.AR.A1AI",6
"TCGA.AR.A1AJ",6
"TCGA.AR.A1AK",8
"TCGA.AR.A1AL",8
"TCGA.AR.A1AM",8
"TCGA.AR.A1AO",6
"TCGA.AR.A1AP",8
"TCGA.AR.A1AQ",6
"TCGA.AR.A1AS",8
"TCGA.AR.A1AT",6
"TCGA.AR.A1AU",8
"TCGA.AR.A1AV",8
"TCGA.AR.A1AW",8
"TCGA.AR.A1AX",1
"TCGA.AR.A1AY",6
"TCGA.AR.A24K",8
"TCGA.AR.A24L",8
"TCGA.AR.A24M",8
"TCGA.AR.A24N",8
"TCGA.AR.A24O",8
"TCGA.AR.A24P",8
"TCGA.AR.A24Q",1
"TCGA.AR.A24R",8
"TCGA.AR.A24S",8
"TCGA.AR.A24T",8
"TCGA.AR.A24U",6
"TCGA.AR.A24V",8
"TCGA.AR.A24W",8
"TCGA.AR.A24X",8
"TCGA.AR.A24Z",8
"TCGA.AR.A250",8
"TCGA.AR.A251",1
"TCGA.AR.A252",8
"TCGA.AR.A254",6
"TCGA.AR.A255",1
"TCGA.AR.A256",6
"TCGA.AR.A2LE",1
"TCGA.AR.A2LH",6
"TCGA.AR.A2LJ",8
"TCGA.AR.A2LK",8
"TCGA.AR.A2LL",8
"TCGA.AR.A2LM",8
"TCGA.AR.A2LN",1
"TCGA.AR.A2LO",8
"TCGA.AR.A2LQ",1
"TCGA.AR.A2LR",1
"TCGA.AU.6004",3
"TCGA.AW.A1PO",5
"TCGA.AX.A05S",5
"TCGA.AX.A05T",5
"TCGA.AX.A05U",5
"TCGA.AX.A05W",5
"TCGA.AX.A05Y",5
"TCGA.AX.A05Z",5
"TCGA.AX.A060",5
"TCGA.AX.A062",5
"TCGA.AX.A063",5
"TCGA.AX.A064",5
"TCGA.AX.A06B",5
"TCGA.AX.A06D",5
"TCGA.AX.A06F",5
"TCGA.AX.A06J",5
"TCGA.AX.A06L",5
"TCGA.AX.A0IS",5
"TCGA.AX.A0IW",5
"TCGA.AX.A0IZ",5
"TCGA.AX.A0J0",5
"TCGA.AX.A0J1",5
"TCGA.AX.A2H2",5
"TCGA.AX.A2H5",5
"TCGA.AX.A2H7",5
"TCGA.AX.A2H8",5
"TCGA.AX.A2HA",5
"TCGA.AX.A2HC",5
"TCGA.AX.A2HD",5
"TCGA.AX.A2HF",5
"TCGA.AX.A2HG",5
"TCGA.AX.A2HH",5
"TCGA.AX.A2HJ",5
"TCGA.AX.A2HK",1
"TCGA.AX.A3FS",6
"TCGA.AX.A3FT",5
"TCGA.AX.A3FV",6
"TCGA.AX.A3FW",5
"TCGA.AX.A3FX",5
"TCGA.AX.A3FZ",1
"TCGA.AX.A3G3",5
"TCGA.AX.A3G4",5
"TCGA.AX.A3G8",5
"TCGA.AX.A3G9",5
"TCGA.AX.A3GI",5
"TCGA.AY.5543",7
"TCGA.AY.6196",7
"TCGA.AY.6197",7
"TCGA.AY.6386",7
"TCGA.AZ.4308",7
"TCGA.AZ.4315",7
"TCGA.AZ.4323",7
"TCGA.AZ.4614",7
"TCGA.AZ.4615",7
"TCGA.AZ.4616",3
"TCGA.AZ.4682",7
"TCGA.AZ.4684",7
"TCGA.AZ.5407",7
"TCGA.AZ.6598",7
"TCGA.AZ.6599",7
"TCGA.AZ.6600",7
"TCGA.AZ.6601",3
"TCGA.AZ.6603",7
"TCGA.AZ.6605",3
"TCGA.AZ.6606",7
"TCGA.AZ.6607",3
"TCGA.AZ.6608",7
"TCGA.B0.4688",6
"TCGA.B0.4690",1
"TCGA.B0.4691",1
"TCGA.B0.4693",1
"TCGA.B0.4694",1
"TCGA.B0.4696",5
"TCGA.B0.4697",1
"TCGA.B0.4698",1
"TCGA.B0.4699",3
"TCGA.B0.4700",1
"TCGA.B0.4701",1
"TCGA.B0.4703",1
"TCGA.B0.4706",1
"TCGA.B0.4707",1
"TCGA.B0.4710",1
"TCGA.B0.4712",1
"TCGA.B0.4713",1
"TCGA.B0.4714",3
"TCGA.B0.4718",1
"TCGA.B0.4810",1
"TCGA.B0.4811",1
"TCGA.B0.4813",1
"TCGA.B0.4814",1
"TCGA.B0.4815",1
"TCGA.B0.4816",1
"TCGA.B0.4817",3
"TCGA.B0.4818",1
"TCGA.B0.4819",1
"TCGA.B0.4821",1
"TCGA.B0.4822",1
"TCGA.B0.4823",1
"TCGA.B0.4824",1
"TCGA.B0.4827",1
"TCGA.B0.4828",1
"TCGA.B0.4833",1
"TCGA.B0.4834",3
"TCGA.B0.4836",1
"TCGA.B0.4837",1
"TCGA.B0.4838",1
"TCGA.B0.4839",1
"TCGA.B0.4841",1
"TCGA.B0.4842",1
"TCGA.B0.4843",1
"TCGA.B0.4844",1
"TCGA.B0.4845",1
"TCGA.B0.4846",1
"TCGA.B0.4847",1
"TCGA.B0.4848",1
"TCGA.B0.4849",1
"TCGA.B0.4852",1
"TCGA.B0.4945",1
"TCGA.B0.5075",1
"TCGA.B0.5077",1
"TCGA.B0.5080",1
"TCGA.B0.5081",1
"TCGA.B0.5084",3
"TCGA.B0.5085",1
"TCGA.B0.5088",1
"TCGA.B0.5092",1
"TCGA.B0.5094",1
"TCGA.B0.5095",1
"TCGA.B0.5096",1
"TCGA.B0.5097",1
"TCGA.B0.5098",3
"TCGA.B0.5099",1
"TCGA.B0.5100",1
"TCGA.B0.5102",1
"TCGA.B0.5104",1
"TCGA.B0.5106",1
"TCGA.B0.5107",1
"TCGA.B0.5108",1
"TCGA.B0.5109",3
"TCGA.B0.5110",1
"TCGA.B0.5113",1
"TCGA.B0.5115",1
"TCGA.B0.5116",1
"TCGA.B0.5117",3
"TCGA.B0.5119",1
"TCGA.B0.5120",1
"TCGA.B0.5121",1
"TCGA.B0.5399",1
"TCGA.B0.5400",1
"TCGA.B0.5402",1
"TCGA.B0.5690",1
"TCGA.B0.5691",1
"TCGA.B0.5692",1
"TCGA.B0.5693",1
"TCGA.B0.5694",1
"TCGA.B0.5695",1
"TCGA.B0.5696",1
"TCGA.B0.5697",1
"TCGA.B0.5698",1
"TCGA.B0.5699",1
"TCGA.B0.5700",1
"TCGA.B0.5701",1
"TCGA.B0.5702",1
"TCGA.B0.5703",1
"TCGA.B0.5705",1
"TCGA.B0.5706",1
"TCGA.B0.5707",1
"TCGA.B0.5709",1
"TCGA.B0.5710",1
"TCGA.B0.5711",1
"TCGA.B0.5712",1
"TCGA.B0.5713",1
"TCGA.B0.5812",1
"TCGA.B2.3923",3
"TCGA.B2.3924",1
"TCGA.B2.4098",1
"TCGA.B2.4099",1
"TCGA.B2.4101",1
"TCGA.B2.4102",1
"TCGA.B2.5633",1
"TCGA.B2.5635",1
"TCGA.B2.5636",1
"TCGA.B2.5639",1
"TCGA.B2.5641",1
"TCGA.B4.5377",1
"TCGA.B4.5378",1
"TCGA.B4.5832",1
"TCGA.B4.5834",1
"TCGA.B4.5835",1
"TCGA.B4.5836",1
"TCGA.B4.5838",1
"TCGA.B4.5843",1
"TCGA.B4.5844",1
"TCGA.B5.A0JN",5
"TCGA.B5.A0JT",5
"TCGA.B5.A0JU",5
"TCGA.B5.A0JX",5
"TCGA.B5.A0JY",5
"TCGA.B5.A0JZ",5
"TCGA.B5.A0K0",5
"TCGA.B5.A0K1",5
"TCGA.B5.A0K2",5
"TCGA.B5.A0K3",5
"TCGA.B5.A0K4",3
"TCGA.B5.A0K7",5
"TCGA.B5.A0K8",5
"TCGA.B5.A0K9",5
"TCGA.B5.A0KB",3
"TCGA.B5.A11E",5
"TCGA.B5.A11F",5
"TCGA.B5.A11G",5
"TCGA.B5.A11H",5
"TCGA.B5.A11I",3
"TCGA.B5.A11L",5
"TCGA.B5.A11N",5
"TCGA.B5.A11P",5
"TCGA.B5.A11Q",5
"TCGA.B5.A11S",5
"TCGA.B5.A11U",5
"TCGA.B5.A11V",5
"TCGA.B5.A11W",5
"TCGA.B5.A11X",6
"TCGA.B5.A11Y",5
"TCGA.B5.A11Z",5
"TCGA.B5.A121",5
"TCGA.B5.A1MS",5
"TCGA.B5.A1MU",5
"TCGA.B5.A1MV",5
"TCGA.B5.A1MW",5
"TCGA.B5.A1MX",5
"TCGA.B5.A1MY",6
"TCGA.B5.A1MZ",5
"TCGA.B5.A1N2",5
"TCGA.B5.A3FA",5
"TCGA.B5.A3FB",3
"TCGA.B5.A3FC",5
"TCGA.B5.A3FD",5
"TCGA.B5.A3FH",5
"TCGA.B5.A3S1",5
"TCGA.B6.A0I2",1
"TCGA.B6.A0I6",6
"TCGA.B6.A0I8",8
"TCGA.B6.A0I9",6
"TCGA.B6.A0IB",8
"TCGA.B6.A0IG",6
"TCGA.B6.A0IJ",3
"TCGA.B6.A0IK",1
"TCGA.B6.A0IO",8
"TCGA.B6.A0IQ",6
"TCGA.B6.A0RG",8
"TCGA.B6.A0RH",6
"TCGA.B6.A0RL",8
"TCGA.B6.A0RM",8
"TCGA.B6.A0RN",8
"TCGA.B6.A0RO",8
"TCGA.B6.A0RP",8
"TCGA.B6.A0RQ",8
"TCGA.B6.A0RT",6
"TCGA.B6.A0RU",6
"TCGA.B6.A0RV",8
"TCGA.B6.A0WX",1
"TCGA.B6.A0X0",8
"TCGA.B6.A0X1",6
"TCGA.B6.A2IU",8
"TCGA.B8.4143",1
"TCGA.B8.4146",1
"TCGA.B8.4153",1
"TCGA.B8.4620",3
"TCGA.B8.4621",3
"TCGA.B8.4622",1
"TCGA.B8.5158",1
"TCGA.B8.5159",1
"TCGA.B8.5162",1
"TCGA.B8.5163",1
"TCGA.B8.5164",1
"TCGA.B8.5165",1
"TCGA.B8.5545",1
"TCGA.B8.5546",1
"TCGA.B8.5549",1
"TCGA.B8.5550",1
"TCGA.B8.5551",1
"TCGA.B8.5552",1
"TCGA.B8.5553",1
"TCGA.BA.4074",3
"TCGA.BA.4078",3
"TCGA.BA.5149",3
"TCGA.BA.5151",3
"TCGA.BA.5152",3
"TCGA.BA.5153",3
"TCGA.BA.5555",3
"TCGA.BA.5556",3
"TCGA.BA.5557",3
"TCGA.BA.5559",3
"TCGA.BA.6869",3
"TCGA.BA.6870",3
"TCGA.BA.6871",3
"TCGA.BA.6872",3
"TCGA.BA.6873",3
"TCGA.BB.4217",3
"TCGA.BG.A0LW",5
"TCGA.BG.A0LX",5
"TCGA.BG.A0M0",5
"TCGA.BG.A0M2",5
"TCGA.BG.A0M3",5
"TCGA.BG.A0M4",5
"TCGA.BG.A0M6",5
"TCGA.BG.A0M7",5
"TCGA.BG.A0M8",5
"TCGA.BG.A0M9",5
"TCGA.BG.A0MA",5
"TCGA.BG.A0MC",5
"TCGA.BG.A0MG",5
"TCGA.BG.A0MH",5
"TCGA.BG.A0MK",3
"TCGA.BG.A0MS",5
"TCGA.BG.A0MT",5
"TCGA.BG.A0MU",5
"TCGA.BG.A0RY",5
"TCGA.BG.A0VT",5
"TCGA.BG.A0VV",5
"TCGA.BG.A0W1",5
"TCGA.BG.A0YU",5
"TCGA.BG.A0YV",5
"TCGA.BG.A186",5
"TCGA.BG.A187",5
"TCGA.BG.A18A",5
"TCGA.BG.A18B",5
"TCGA.BG.A18C",5
"TCGA.BG.A220",5
"TCGA.BG.A221",3
"TCGA.BG.A222",3
"TCGA.BG.A2AD",5
"TCGA.BG.A2AE",5
"TCGA.BG.A2L7",5
"TCGA.BG.A3EW",5
"TCGA.BG.A3PP",5
"TCGA.BH.A0AU",8
"TCGA.BH.A0AV",6
"TCGA.BH.A0AY",8
"TCGA.BH.A0AZ",8
"TCGA.BH.A0B0",8
"TCGA.BH.A0B1",8
"TCGA.BH.A0B2",8
"TCGA.BH.A0B3",6
"TCGA.BH.A0B4",8
"TCGA.BH.A0B5",1
"TCGA.BH.A0B6",8
"TCGA.BH.A0B7",6
"TCGA.BH.A0B9",6
"TCGA.BH.A0BA",1
"TCGA.BH.A0BC",8
"TCGA.BH.A0BF",8
"TCGA.BH.A0BJ",8
"TCGA.BH.A0BM",8
"TCGA.BH.A0BO",8
"TCGA.BH.A0BP",8
"TCGA.BH.A0BQ",8
"TCGA.BH.A0BR",8
"TCGA.BH.A0BS",8
"TCGA.BH.A0BT",8
"TCGA.BH.A0BV",8
"TCGA.BH.A0BW",6
"TCGA.BH.A0BZ",8
"TCGA.BH.A0C0",8
"TCGA.BH.A0C1",1
"TCGA.BH.A0C3",8
"TCGA.BH.A0C7",8
"TCGA.BH.A0DD",8
"TCGA.BH.A0DG",8
"TCGA.BH.A0DH",8
"TCGA.BH.A0DI",8
"TCGA.BH.A0DK",8
"TCGA.BH.A0DL",3
"TCGA.BH.A0DP",1
"TCGA.BH.A0DS",8
"TCGA.BH.A0DT",8
"TCGA.BH.A0DV",8
"TCGA.BH.A0E0",6
"TCGA.BH.A0E1",1
"TCGA.BH.A0E2",8
"TCGA.BH.A0E6",4
"TCGA.BH.A0E7",8
"TCGA.BH.A0E9",8
"TCGA.BH.A0EA",8
"TCGA.BH.A0EB",8
"TCGA.BH.A0EE",6
"TCGA.BH.A0EI",8
"TCGA.BH.A0GY",8
"TCGA.BH.A0H5",8
"TCGA.BH.A0H6",8
"TCGA.BH.A0H7",1
"TCGA.BH.A0H9",8
"TCGA.BH.A0HA",8
"TCGA.BH.A0HK",8
"TCGA.BH.A0HL",8
"TCGA.BH.A0HN",8
"TCGA.BH.A0HP",8
"TCGA.BH.A0HU",8
"TCGA.BH.A0HW",8
"TCGA.BH.A0HX",8
"TCGA.BH.A0HY",1
"TCGA.BH.A0RX",1
"TCGA.BH.A0W4",8
"TCGA.BH.A0W5",8
"TCGA.BH.A18F",8
"TCGA.BH.A18G",6
"TCGA.BH.A18H",8
"TCGA.BH.A18J",8
"TCGA.BH.A18L",8
"TCGA.BH.A18M",8
"TCGA.BH.A18N",8
"TCGA.BH.A18P",8
"TCGA.BH.A18Q",6
"TCGA.BH.A18R",6
"TCGA.BH.A18S",8
"TCGA.BH.A18T",6
"TCGA.BH.A18U",1
"TCGA.BH.A18V",6
"TCGA.BH.A1EN",6
"TCGA.BH.A1EO",8
"TCGA.BH.A1ES",8
"TCGA.BH.A1ET",8
"TCGA.BH.A1EU",8
"TCGA.BH.A1EV",6
"TCGA.BH.A1EW",8
"TCGA.BH.A1EX",8
"TCGA.BH.A1EY",8
"TCGA.BH.A1F0",6
"TCGA.BH.A1F2",6
"TCGA.BH.A1F5",8
"TCGA.BH.A1F6",6
"TCGA.BH.A1F8",8
"TCGA.BH.A1FB",8
"TCGA.BH.A1FC",6
"TCGA.BH.A1FD",8
"TCGA.BH.A1FE",1
"TCGA.BH.A1FG",8
"TCGA.BH.A1FH",8
"TCGA.BH.A1FJ",8
"TCGA.BH.A1FL",8
"TCGA.BH.A1FM",8
"TCGA.BH.A1FN",8
"TCGA.BH.A1FR",8
"TCGA.BH.A201",8
"TCGA.BH.A202",6
"TCGA.BH.A203",6
"TCGA.BH.A204",8
"TCGA.BH.A208",6
"TCGA.BH.A209",8
"TCGA.BH.A28Q",8
"TCGA.BH.A2L8",8
"TCGA.BK.A0C9",5
"TCGA.BK.A0CA",5
"TCGA.BK.A0CB",5
"TCGA.BK.A0CC",4
"TCGA.BK.A139",5
"TCGA.BK.A13B",5
"TCGA.BK.A13C",5
"TCGA.BK.A26L",5
"TCGA.BL.A0C8",6
"TCGA.BL.A13I",1
"TCGA.BL.A13J",6
"TCGA.BL.A3JM",6
"TCGA.BM.6198",3
"TCGA.BP.4158",1
"TCGA.BP.4161",1
"TCGA.BP.4164",1
"TCGA.BP.4165",1
"TCGA.BP.4169",1
"TCGA.BP.4170",1
"TCGA.BP.4173",1
"TCGA.BP.4174",1
"TCGA.BP.4325",1
"TCGA.BP.4326",1
"TCGA.BP.4327",1
"TCGA.BP.4329",1
"TCGA.BP.4330",1
"TCGA.BP.4331",1
"TCGA.BP.4332",1
"TCGA.BP.4334",3
"TCGA.BP.4335",1
"TCGA.BP.4337",1
"TCGA.BP.4338",1
"TCGA.BP.4341",1
"TCGA.BP.4342",1
"TCGA.BP.4343",1
"TCGA.BP.4344",1
"TCGA.BP.4345",1
"TCGA.BP.4346",1
"TCGA.BP.4347",1
"TCGA.BP.4349",1
"TCGA.BP.4351",1
"TCGA.BP.4352",1
"TCGA.BP.4353",1
"TCGA.BP.4354",3
"TCGA.BP.4355",1
"TCGA.BP.4756",1
"TCGA.BP.4758",1
"TCGA.BP.4759",1
"TCGA.BP.4760",1
"TCGA.BP.4761",1
"TCGA.BP.4762",1
"TCGA.BP.4763",1
"TCGA.BP.4765",1
"TCGA.BP.4766",1
"TCGA.BP.4768",1
"TCGA.BP.4769",1
"TCGA.BP.4770",1
"TCGA.BP.4771",1
"TCGA.BP.4774",1
"TCGA.BP.4775",1
"TCGA.BP.4776",1
"TCGA.BP.4777",1
"TCGA.BP.4781",1
"TCGA.BP.4784",1
"TCGA.BP.4787",1
"TCGA.BP.4789",1
"TCGA.BP.4790",1
"TCGA.BP.4797",1
"TCGA.BP.4798",1
"TCGA.BP.4799",3
"TCGA.BP.4801",1
"TCGA.BP.4803",1
"TCGA.BP.4804",1
"TCGA.BP.4807",1
"TCGA.BP.4959",1
"TCGA.BP.4960",1
"TCGA.BP.4961",1
"TCGA.BP.4962",1
"TCGA.BP.4963",1
"TCGA.BP.4964",1
"TCGA.BP.4965",1
"TCGA.BP.4967",1
"TCGA.BP.4968",1
"TCGA.BP.4969",1
"TCGA.BP.4970",1
"TCGA.BP.4971",1
"TCGA.BP.4972",1
"TCGA.BP.4973",1
"TCGA.BP.4974",1
"TCGA.BP.4975",1
"TCGA.BP.4976",1
"TCGA.BP.4977",1
"TCGA.BP.4981",1
"TCGA.BP.4982",1
"TCGA.BP.4983",1
"TCGA.BP.4985",1
"TCGA.BP.4986",1
"TCGA.BP.4987",1
"TCGA.BP.4988",3
"TCGA.BP.4989",1
"TCGA.BP.4991",1
"TCGA.BP.4992",1
"TCGA.BP.4993",1
"TCGA.BP.4994",3
"TCGA.BP.4995",1
"TCGA.BP.4998",1
"TCGA.BP.4999",1
"TCGA.BP.5000",1
"TCGA.BP.5001",1
"TCGA.BP.5004",1
"TCGA.BP.5006",1
"TCGA.BP.5007",1
"TCGA.BP.5008",1
"TCGA.BP.5009",1
"TCGA.BP.5010",1
"TCGA.BP.5168",1
"TCGA.BP.5169",1
"TCGA.BP.5170",1
"TCGA.BP.5173",1
"TCGA.BP.5174",1
"TCGA.BP.5175",1
"TCGA.BP.5176",1
"TCGA.BP.5177",1
"TCGA.BP.5178",1
"TCGA.BP.5180",1
"TCGA.BP.5181",1
"TCGA.BP.5182",1
"TCGA.BP.5183",1
"TCGA.BP.5184",1
"TCGA.BP.5185",1
"TCGA.BP.5186",1
"TCGA.BP.5187",1
"TCGA.BP.5189",1
"TCGA.BP.5190",1
"TCGA.BP.5191",1
"TCGA.BP.5192",1
"TCGA.BP.5194",1
"TCGA.BP.5195",1
"TCGA.BP.5196",1
"TCGA.BP.5198",1
"TCGA.BP.5199",1
"TCGA.BP.5200",1
"TCGA.BP.5201",1
"TCGA.BP.5202",1
"TCGA.BS.A0T9",5
"TCGA.BS.A0TA",5
"TCGA.BS.A0TC",5
"TCGA.BS.A0TD",5
"TCGA.BS.A0TG",3
"TCGA.BS.A0TI",5
"TCGA.BS.A0TJ",5
"TCGA.BS.A0U7",5
"TCGA.BS.A0U8",5
"TCGA.BS.A0U9",5
"TCGA.BS.A0UF",5
"TCGA.BS.A0UJ",5
"TCGA.BS.A0V4",5
"TCGA.BS.A0V7",5
"TCGA.BS.A0VI",3
"TCGA.BT.A0S7",6
"TCGA.BT.A0YX",6
"TCGA.BT.A20J",6
"TCGA.BT.A20N",6
"TCGA.BT.A20O",6
"TCGA.BT.A20P",6
"TCGA.BT.A20Q",6
"TCGA.BT.A20R",6
"TCGA.BT.A20T",6
"TCGA.BT.A20U",6
"TCGA.BT.A20V",6
"TCGA.BT.A20W",3
"TCGA.BT.A20X",6
"TCGA.BT.A2LA",1
"TCGA.BT.A2LB",6
"TCGA.BT.A2LD",3
"TCGA.BT.A3PH",6
"TCGA.BT.A3PJ",6
"TCGA.BT.A3PK",3
"TCGA.BT.A42B",1
"TCGA.BT.A42C",6
"TCGA.C4.A0EZ",1
"TCGA.C4.A0F0",3
"TCGA.C4.A0F1",6
"TCGA.C4.A0F6",6
"TCGA.C4.A0F7",6
"TCGA.C8.A12K",6
"TCGA.C8.A12L",6
"TCGA.C8.A12M",8
"TCGA.C8.A12N",8
"TCGA.C8.A12O",8
"TCGA.C8.A12P",6
"TCGA.C8.A12Q",6
"TCGA.C8.A12T",8
"TCGA.C8.A12U",8
"TCGA.C8.A12V",6
"TCGA.C8.A12W",8
"TCGA.C8.A12X",8
"TCGA.C8.A12Y",8
"TCGA.C8.A12Z",6
"TCGA.C8.A130",8
"TCGA.C8.A131",4
"TCGA.C8.A132",6
"TCGA.C8.A133",8
"TCGA.C8.A134",6
"TCGA.C8.A135",6
"TCGA.C8.A137",6
"TCGA.C8.A138",8
"TCGA.C8.A1HE",8
"TCGA.C8.A1HF",6
"TCGA.C8.A1HG",8
"TCGA.C8.A1HI",6
"TCGA.C8.A1HJ",3
"TCGA.C8.A1HK",6
"TCGA.C8.A1HL",8
"TCGA.C8.A1HM",8
"TCGA.C8.A1HN",8
"TCGA.C8.A1HO",8
"TCGA.C8.A26V",8
"TCGA.C8.A26W",8
"TCGA.C8.A26X",6
"TCGA.C8.A26Y",6
"TCGA.C8.A26Z",8
"TCGA.C8.A273",8
"TCGA.C8.A274",8
"TCGA.C8.A275",6
"TCGA.C8.A278",6
"TCGA.C8.A27A",8
"TCGA.C8.A27B",3
"TCGA.C8.A3M7",1
"TCGA.C8.A3M8",8
"TCGA.CA.5254",7
"TCGA.CA.5255",7
"TCGA.CA.5256",7
"TCGA.CA.5796",7
"TCGA.CA.5797",7
"TCGA.CA.6715",7
"TCGA.CA.6716",7
"TCGA.CA.6717",7
"TCGA.CA.6718",3
"TCGA.CA.6719",7
"TCGA.CF.A1HR",6
"TCGA.CF.A1HS",6
"TCGA.CF.A27C",6
"TCGA.CF.A3MF",6
"TCGA.CF.A3MG",6
"TCGA.CF.A3MH",6
"TCGA.CF.A3MI",6
"TCGA.CI.6621",3
"TCGA.CJ.4634",1
"TCGA.CJ.4635",1
"TCGA.CJ.4638",1
"TCGA.CJ.4640",1
"TCGA.CJ.4642",1
"TCGA.CJ.4868",1
"TCGA.CJ.4869",1
"TCGA.CJ.4870",1
"TCGA.CJ.4871",1
"TCGA.CJ.4872",1
"TCGA.CJ.4873",1
"TCGA.CJ.4874",1
"TCGA.CJ.4875",1
"TCGA.CJ.4876",1
"TCGA.CJ.4878",1
"TCGA.CJ.4881",1
"TCGA.CJ.4882",1
"TCGA.CJ.4884",1
"TCGA.CJ.4885",1
"TCGA.CJ.4886",1
"TCGA.CJ.4887",1
"TCGA.CJ.4888",1
"TCGA.CJ.4889",1
"TCGA.CJ.4890",1
"TCGA.CJ.4891",1
"TCGA.CJ.4892",1
"TCGA.CJ.4893",1
"TCGA.CJ.4894",1
"TCGA.CJ.4895",1
"TCGA.CJ.4897",1
"TCGA.CJ.4899",1
"TCGA.CJ.4900",1
"TCGA.CJ.4901",1
"TCGA.CJ.4902",1
"TCGA.CJ.4903",1
"TCGA.CJ.4904",1
"TCGA.CJ.4905",1
"TCGA.CJ.4907",1
"TCGA.CJ.4908",1
"TCGA.CJ.4912",1
"TCGA.CJ.4913",1
"TCGA.CJ.4916",1
"TCGA.CJ.4918",1
"TCGA.CJ.4920",1
"TCGA.CJ.4923",1
"TCGA.CJ.5671",1
"TCGA.CJ.5672",1
"TCGA.CJ.5675",1
"TCGA.CJ.5676",1
"TCGA.CJ.5677",1
"TCGA.CJ.5678",1
"TCGA.CJ.5679",1
"TCGA.CJ.5680",1
"TCGA.CJ.5681",1
"TCGA.CJ.5682",1
"TCGA.CJ.5683",1
"TCGA.CJ.5684",1
"TCGA.CJ.5686",1
"TCGA.CJ.5689",1
"TCGA.CJ.6027",1
"TCGA.CJ.6028",1
"TCGA.CJ.6030",1
"TCGA.CJ.6031",3
"TCGA.CJ.6032",1
"TCGA.CJ.6033",1
"TCGA.CK.5914",7
"TCGA.CK.5916",3
"TCGA.CK.6746",3
"TCGA.CK.6747",7
"TCGA.CK.6748",7
"TCGA.CK.6751",7
"TCGA.CL.5918",3
"TCGA.CM.4743",3
"TCGA.CM.4744",3
"TCGA.CM.4746",7
"TCGA.CM.4747",7
"TCGA.CM.4748",7
"TCGA.CM.4750",7
"TCGA.CM.4752",3
"TCGA.CM.5341",7
"TCGA.CM.5344",7
"TCGA.CM.5348",7
"TCGA.CM.5349",7
"TCGA.CM.5860",7
"TCGA.CM.5861",3
"TCGA.CM.5862",3
"TCGA.CM.5863",7
"TCGA.CM.5864",7
"TCGA.CM.5868",7
"TCGA.CM.6161",7
"TCGA.CM.6162",7
"TCGA.CM.6163",3
"TCGA.CM.6164",3
"TCGA.CM.6165",7
"TCGA.CM.6166",7
"TCGA.CM.6167",7
"TCGA.CM.6168",3
"TCGA.CM.6169",7
"TCGA.CM.6170",3
"TCGA.CM.6171",3
"TCGA.CM.6172",7
"TCGA.CM.6674",3
"TCGA.CM.6675",7
"TCGA.CM.6676",7
"TCGA.CM.6677",7
"TCGA.CM.6678",7
"TCGA.CM.6679",7
"TCGA.CM.6680",7
"TCGA.CN.4722",3
"TCGA.CN.4723",3
"TCGA.CN.4725",3
"TCGA.CN.4726",3
"TCGA.CN.4727",3
"TCGA.CN.4728",3
"TCGA.CN.4729",3
"TCGA.CN.4730",3
"TCGA.CN.4731",3
"TCGA.CN.4733",3
"TCGA.CN.4734",3
"TCGA.CN.4735",3
"TCGA.CN.4736",3
"TCGA.CN.4737",3
"TCGA.CN.4738",3
"TCGA.CN.4739",3
"TCGA.CN.4740",3
"TCGA.CN.4741",3
"TCGA.CN.4742",3
"TCGA.CN.5355",3
"TCGA.CN.5356",3
"TCGA.CN.5358",3
"TCGA.CN.5359",3
"TCGA.CN.5360",3
"TCGA.CN.5361",3
"TCGA.CN.5363",3
"TCGA.CN.5364",3
"TCGA.CN.5365",3
"TCGA.CN.5366",3
"TCGA.CN.5367",1
"TCGA.CN.5369",3
"TCGA.CN.5370",3
"TCGA.CN.5373",3
"TCGA.CN.5374",3
"TCGA.CN.6010",3
"TCGA.CN.6011",3
"TCGA.CN.6012",3
"TCGA.CN.6013",3
"TCGA.CN.6016",3
"TCGA.CN.6017",3
"TCGA.CN.6018",3
"TCGA.CN.6019",3
"TCGA.CN.6020",3
"TCGA.CN.6021",3
"TCGA.CN.6022",3
"TCGA.CN.6023",3
"TCGA.CN.6024",3
"TCGA.CN.6988",3
"TCGA.CN.6989",3
"TCGA.CN.6992",3
"TCGA.CN.6994",3
"TCGA.CN.6995",3
"TCGA.CN.6996",3
"TCGA.CN.6997",3
"TCGA.CN.6998",3
"TCGA.CQ.5323",3
"TCGA.CQ.5324",3
"TCGA.CQ.5325",3
"TCGA.CQ.5326",3
"TCGA.CQ.5327",3
"TCGA.CQ.5329",3
"TCGA.CQ.5330",3
"TCGA.CQ.5331",3
"TCGA.CQ.5332",3
"TCGA.CQ.5334",3
"TCGA.CQ.6218",3
"TCGA.CQ.6219",3
"TCGA.CQ.6220",3
"TCGA.CQ.6221",1
"TCGA.CQ.6222",3
"TCGA.CQ.6224",3
"TCGA.CQ.6225",3
"TCGA.CQ.6227",3
"TCGA.CQ.6228",3
"TCGA.CQ.6229",3
"TCGA.CQ.7065",3
"TCGA.CQ.7068",3
"TCGA.CU.A0YN",3
"TCGA.CU.A3KJ",6
"TCGA.CU.A3QU",6
"TCGA.CU.A3YL",6
"TCGA.CV.5430",3
"TCGA.CV.5431",3
"TCGA.CV.5432",3
"TCGA.CV.5434",3
"TCGA.CV.5436",3
"TCGA.CV.5439",3
"TCGA.CV.5440",3
"TCGA.CV.5441",3
"TCGA.CV.5442",3
"TCGA.CV.5443",3
"TCGA.CV.5444",3
"TCGA.CV.5966",3
"TCGA.CV.5970",3
"TCGA.CV.5971",3
"TCGA.CV.5973",3
"TCGA.CV.5976",3
"TCGA.CV.5977",3
"TCGA.CV.5978",3
"TCGA.CV.5979",3
"TCGA.CV.6003",3
"TCGA.CV.6433",3
"TCGA.CV.6436",3
"TCGA.CV.6441",3
"TCGA.CV.6933",3
"TCGA.CV.6934",3
"TCGA.CV.6935",3
"TCGA.CV.6936",3
"TCGA.CV.6937",3
"TCGA.CV.6938",3
"TCGA.CV.6939",3
"TCGA.CV.6940",3
"TCGA.CV.6941",3
"TCGA.CV.6942",3
"TCGA.CV.6943",3
"TCGA.CV.6945",3
"TCGA.CV.6948",3
"TCGA.CV.6950",3
"TCGA.CV.6951",3
"TCGA.CV.6952",3
"TCGA.CV.6953",3
"TCGA.CV.6954",3
"TCGA.CV.6955",3
"TCGA.CV.6956",3
"TCGA.CV.6959",3
"TCGA.CV.6960",3
"TCGA.CV.6961",3
"TCGA.CV.6962",3
"TCGA.CV.7089",3
"TCGA.CV.7090",3
"TCGA.CV.7091",3
"TCGA.CV.7095",3
"TCGA.CV.7097",3
"TCGA.CV.7099",3
"TCGA.CV.7100",3
"TCGA.CV.7101",3
"TCGA.CV.7102",3
"TCGA.CV.7103",3
"TCGA.CV.7104",3
"TCGA.CV.7177",3
"TCGA.CV.7178",3
"TCGA.CV.7180",3
"TCGA.CV.7183",3
"TCGA.CV.7235",3
"TCGA.CV.7236",3
"TCGA.CV.7238",3
"TCGA.CV.7242",3
"TCGA.CV.7243",3
"TCGA.CV.7245",3
"TCGA.CV.7247",3
"TCGA.CV.7248",3
"TCGA.CV.7250",3
"TCGA.CV.7252",3
"TCGA.CV.7253",3
"TCGA.CV.7254",3
"TCGA.CV.7255",3
"TCGA.CV.7261",3
"TCGA.CV.7263",3
"TCGA.CV.7406",3
"TCGA.CV.7407",3
"TCGA.CV.7410",3
"TCGA.CV.7411",3
"TCGA.CV.7413",3
"TCGA.CV.7414",3
"TCGA.CV.7415",3
"TCGA.CV.7416",3
"TCGA.CV.7418",3
"TCGA.CV.7421",3
"TCGA.CV.7422",3
"TCGA.CV.7423",3
"TCGA.CV.7424",3
"TCGA.CV.7425",3
"TCGA.CV.7427",3
"TCGA.CV.7428",3
"TCGA.CV.7429",1
"TCGA.CV.7430",3
"TCGA.CV.7432",3
"TCGA.CV.7433",3
"TCGA.CV.7434",3
"TCGA.CV.7435",3
"TCGA.CV.7437",3
"TCGA.CV.7438",3
"TCGA.CV.7440",3
"TCGA.CV.7446",3
"TCGA.CV.7568",3
"TCGA.CW.5580",1
"TCGA.CW.5581",1
"TCGA.CW.5583",1
"TCGA.CW.5584",1
"TCGA.CW.5585",1
"TCGA.CW.5587",1
"TCGA.CW.5588",1
"TCGA.CW.5589",1
"TCGA.CW.5590",1
"TCGA.CW.5591",1
"TCGA.CW.6087",1
"TCGA.CW.6088",1
"TCGA.CW.6090",1
"TCGA.CW.6093",1
"TCGA.CW.6096",1
"TCGA.CW.6097",1
"TCGA.CX.7085",3
"TCGA.CX.7086",3
"TCGA.CX.7219",3
"TCGA.CZ.4853",1
"TCGA.CZ.4854",1
"TCGA.CZ.4856",1
"TCGA.CZ.4857",1
"TCGA.CZ.4858",1
"TCGA.CZ.4859",1
"TCGA.CZ.4860",1
"TCGA.CZ.4861",1
"TCGA.CZ.4862",1
"TCGA.CZ.4863",1
"TCGA.CZ.4864",1
"TCGA.CZ.4865",1
"TCGA.CZ.4866",1
"TCGA.CZ.5451",1
"TCGA.CZ.5452",1
"TCGA.CZ.5453",1
"TCGA.CZ.5454",1
"TCGA.CZ.5455",1
"TCGA.CZ.5456",1
"TCGA.CZ.5457",1
"TCGA.CZ.5458",1
"TCGA.CZ.5459",1
"TCGA.CZ.5460",1
"TCGA.CZ.5461",1
"TCGA.CZ.5462",3
"TCGA.CZ.5463",1
"TCGA.CZ.5464",1
"TCGA.CZ.5465",1
"TCGA.CZ.5466",1
"TCGA.CZ.5467",1
"TCGA.CZ.5468",1
"TCGA.CZ.5469",1
"TCGA.CZ.5470",1
"TCGA.CZ.5982",1
"TCGA.CZ.5984",1
"TCGA.CZ.5985",1
"TCGA.CZ.5986",1
"TCGA.CZ.5987",1
"TCGA.CZ.5988",1
"TCGA.CZ.5989",1
"TCGA.D1.A0ZP",5
"TCGA.D1.A0ZR",5
"TCGA.D1.A0ZU",5
"TCGA.D1.A0ZZ",5
"TCGA.D1.A101",5
"TCGA.D1.A102",5
"TCGA.D1.A103",5
"TCGA.D1.A15V",5
"TCGA.D1.A15W",5
"TCGA.D1.A15X",3
"TCGA.D1.A15Z",5
"TCGA.D1.A160",5
"TCGA.D1.A161",5
"TCGA.D1.A162",5
"TCGA.D1.A163",5
"TCGA.D1.A165",5
"TCGA.D1.A167",5
"TCGA.D1.A168",5
"TCGA.D1.A169",5
"TCGA.D1.A16B",5
"TCGA.D1.A16D",5
"TCGA.D1.A16E",3
"TCGA.D1.A16F",5
"TCGA.D1.A16G",3
"TCGA.D1.A16I",5
"TCGA.D1.A16J",3
"TCGA.D1.A16N",5
"TCGA.D1.A16O",5
"TCGA.D1.A16Q",5
"TCGA.D1.A16R",5
"TCGA.D1.A16S",5
"TCGA.D1.A16V",5
"TCGA.D1.A16X",5
"TCGA.D1.A16Y",5
"TCGA.D1.A175",5
"TCGA.D1.A176",5
"TCGA.D1.A177",5
"TCGA.D1.A179",4
"TCGA.D1.A17B",3
"TCGA.D1.A17C",5
"TCGA.D1.A17D",5
"TCGA.D1.A17F",5
"TCGA.D1.A17H",5
"TCGA.D1.A17K",5
"TCGA.D1.A17L",5
"TCGA.D1.A17M",5
"TCGA.D1.A17N",3
"TCGA.D1.A17Q",5
"TCGA.D1.A17R",5
"TCGA.D1.A17S",5
"TCGA.D1.A17T",5
"TCGA.D1.A17U",5
"TCGA.D1.A1NS",5
"TCGA.D1.A1NU",5
"TCGA.D1.A1NY",5
"TCGA.D1.A1NZ",3
"TCGA.D1.A1O5",5
"TCGA.D1.A1O8",5
"TCGA.D1.A2G0",5
"TCGA.D1.A2G6",5
"TCGA.D1.A2G7",5
"TCGA.D1.A3DA",5
"TCGA.D1.A3DG",5
"TCGA.D1.A3DH",5
"TCGA.D1.A3JP",5
"TCGA.D1.A3JQ",5
"TCGA.D5.5538",1
"TCGA.D5.5539",3
"TCGA.D5.5540",7
"TCGA.D5.5541",7
"TCGA.D5.6529",3
"TCGA.D5.6530",3
"TCGA.D5.6531",7
"TCGA.D5.6532",7
"TCGA.D5.6533",3
"TCGA.D5.6534",7
"TCGA.D5.6535",7
"TCGA.D5.6536",7
"TCGA.D5.6537",3
"TCGA.D5.6538",7
"TCGA.D5.6539",7
"TCGA.D5.6540",3
"TCGA.D5.6541",3
"TCGA.D5.6898",3
"TCGA.D5.6920",7
"TCGA.D5.6922",7
"TCGA.D5.6923",7
"TCGA.D5.6924",7
"TCGA.D5.6926",7
"TCGA.D5.6927",3
"TCGA.D5.6928",3
"TCGA.D5.6930",3
"TCGA.D5.6931",7
"TCGA.D5.6932",7
"TCGA.D6.6515",3
"TCGA.D6.6516",3
"TCGA.D6.6517",3
"TCGA.D6.6823",3
"TCGA.D6.6824",3
"TCGA.D6.6825",3
"TCGA.D6.6826",3
"TCGA.D6.6827",3
"TCGA.D8.A13Y",8
"TCGA.D8.A13Z",6
"TCGA.D8.A140",8
"TCGA.D8.A142",6
"TCGA.D8.A143",3
"TCGA.D8.A145",8
"TCGA.D8.A146",8
"TCGA.D8.A147",6
"TCGA.D8.A1J8",8
"TCGA.D8.A1J9",6
"TCGA.D8.A1JA",6
"TCGA.D8.A1JB",8
"TCGA.D8.A1JC",8
"TCGA.D8.A1JD",8
"TCGA.D8.A1JE",8
"TCGA.D8.A1JF",6
"TCGA.D8.A1JG",6
"TCGA.D8.A1JH",8
"TCGA.D8.A1JI",8
"TCGA.D8.A1JJ",8
"TCGA.D8.A1JK",6
"TCGA.D8.A1JL",6
"TCGA.D8.A1JM",6
"TCGA.D8.A1JN",8
"TCGA.D8.A1JP",8
"TCGA.D8.A1JS",8
"TCGA.D8.A1JT",8
"TCGA.D8.A1JU",8
"TCGA.D8.A1X5",3
"TCGA.D8.A1X6",8
"TCGA.D8.A1X7",8
"TCGA.D8.A1X8",8
"TCGA.D8.A1X9",8
"TCGA.D8.A1XA",8
"TCGA.D8.A1XB",8
"TCGA.D8.A1XC",8
"TCGA.D8.A1XD",8
"TCGA.D8.A1XF",8
"TCGA.D8.A1XG",8
"TCGA.D8.A1XJ",6
"TCGA.D8.A1XK",3
"TCGA.D8.A1XL",8
"TCGA.D8.A1XM",8
"TCGA.D8.A1XO",8
"TCGA.D8.A1XQ",6
"TCGA.D8.A1XR",8
"TCGA.D8.A1XS",8
"TCGA.D8.A1XT",6
"TCGA.D8.A1XU",8
"TCGA.D8.A1XV",8
"TCGA.D8.A1XW",6
"TCGA.D8.A1XY",8
"TCGA.D8.A1XZ",8
"TCGA.D8.A1Y0",8
"TCGA.D8.A1Y1",8
"TCGA.D8.A1Y2",8
"TCGA.D8.A1Y3",8
"TCGA.D8.A27E",8
"TCGA.D8.A27F",3
"TCGA.D8.A27G",8
"TCGA.D8.A27H",6
"TCGA.D8.A27I",8
"TCGA.D8.A27K",8
"TCGA.D8.A27L",8
"TCGA.D8.A27M",6
"TCGA.D8.A27N",6
"TCGA.D8.A27P",8
"TCGA.D8.A27R",8
"TCGA.D8.A27T",8
"TCGA.D8.A27V",8
"TCGA.D8.A27W",8
"TCGA.DC.4745",7
"TCGA.DC.4749",3
"TCGA.DC.5337",7
"TCGA.DC.5869",7
"TCGA.DC.6155",7
"TCGA.DC.6156",7
"TCGA.DC.6157",7
"TCGA.DC.6158",3
"TCGA.DC.6160",3
"TCGA.DC.6681",7
"TCGA.DC.6682",3
"TCGA.DC.6683",7
"TCGA.DF.A2KN",5
"TCGA.DF.A2KS",5
"TCGA.DF.A2KU",5
"TCGA.DF.A2KV",5
"TCGA.DF.A2KY",6
"TCGA.DF.A2KZ",5
"TCGA.DF.A2L0",5
"TCGA.DI.A0WH",5
"TCGA.DI.A1BU",5
"TCGA.DI.A1BY",5
"TCGA.DI.A1NN",5
"TCGA.DI.A1NO",5
"TCGA.DI.A2QT",3
"TCGA.DI.A2QU",5
"TCGA.DI.A2QY",5
"TCGA.DK.A1A3",6
"TCGA.DK.A1A5",3
"TCGA.DK.A1A6",6
"TCGA.DK.A1AA",6
"TCGA.DK.A1AB",6
"TCGA.DK.A1AC",6
"TCGA.DK.A1AD",6
"TCGA.DK.A1AE",6
"TCGA.DK.A1AF",6
"TCGA.DK.A1AG",6
"TCGA.DK.A2HX",6
"TCGA.DK.A2I1",6
"TCGA.DK.A2I2",3
"TCGA.DK.A2I4",6
"TCGA.DK.A3IK",6
"TCGA.DK.A3IL",6
"TCGA.DK.A3IM",6
"TCGA.DK.A3IN",6
"TCGA.DK.A3IQ",1
"TCGA.DK.A3IT",6
"TCGA.DK.A3IU",6
"TCGA.DK.A3IV",3
"TCGA.DK.A3WW",3
"TCGA.DK.A3WX",3
"TCGA.DK.A3WY",1
"TCGA.DK.A3X1",6
"TCGA.DK.A3X2",6
"TCGA.DM.A0X9",7
"TCGA.DM.A0XF",3
"TCGA.DM.A1D0",3
"TCGA.DM.A1D4",7
"TCGA.DM.A1D6",7
"TCGA.DM.A1D7",7
"TCGA.DM.A1D8",7
"TCGA.DM.A1D9",7
"TCGA.DM.A1DA",7
"TCGA.DM.A1DB",7
"TCGA.DM.A1HA",7
"TCGA.DM.A1HB",3
"TCGA.DM.A280",7
"TCGA.DM.A282",7
"TCGA.DM.A286",3
"TCGA.DM.A288",3
"TCGA.DM.A28A",7
"TCGA.DM.A28C",7
"TCGA.DM.A28E",7
"TCGA.DM.A28F",7
"TCGA.DM.A28G",7
"TCGA.DM.A28M",7
"TCGA.DQ.7591",3
"TCGA.DQ.7592",3
"TCGA.DT.5265",7
"TCGA.DV.5565",1
"TCGA.DV.5566",1
"TCGA.DV.5567",1
"TCGA.DV.5568",1
"TCGA.DV.5569",1
"TCGA.DV.5573",1
"TCGA.DV.5574",1
"TCGA.DV.5575",1
"TCGA.DV.5576",1
"TCGA.DY.A0XA",7
"TCGA.DY.A1DC",3
"TCGA.DY.A1DD",7
"TCGA.DY.A1DE",7
"TCGA.DY.A1DF",7
"TCGA.DY.A1DG",7
"TCGA.DY.A1H8",7
"TCGA.E2.A107",8
"TCGA.E2.A108",1
"TCGA.E2.A109",8
"TCGA.E2.A10A",8
"TCGA.E2.A10B",8
"TCGA.E2.A10C",8
"TCGA.E2.A10E",8
"TCGA.E2.A14N",6
"TCGA.E2.A14O",8
"TCGA.E2.A14P",6
"TCGA.E2.A14Q",8
"TCGA.E2.A14S",8
"TCGA.E2.A14T",8
"TCGA.E2.A14V",6
"TCGA.E2.A14W",8
"TCGA.E2.A14X",1
"TCGA.E2.A14Y",6
"TCGA.E2.A14Z",8
"TCGA.E2.A150",3
"TCGA.E2.A152",6
"TCGA.E2.A153",8
"TCGA.E2.A154",8
"TCGA.E2.A155",8
"TCGA.E2.A156",8
"TCGA.E2.A158",6
"TCGA.E2.A159",6
"TCGA.E2.A15A",8
"TCGA.E2.A15C",8
"TCGA.E2.A15D",8
"TCGA.E2.A15E",8
"TCGA.E2.A15F",8
"TCGA.E2.A15G",8
"TCGA.E2.A15H",6
"TCGA.E2.A15I",8
"TCGA.E2.A15J",8
"TCGA.E2.A15K",8
"TCGA.E2.A15L",8
"TCGA.E2.A15M",8
"TCGA.E2.A15O",8
"TCGA.E2.A15P",8
"TCGA.E2.A15R",8
"TCGA.E2.A15S",8
"TCGA.E2.A15T",8
"TCGA.E2.A1AZ",6
"TCGA.E2.A1B0",1
"TCGA.E2.A1B1",1
"TCGA.E2.A1B4",8
"TCGA.E2.A1B5",1
"TCGA.E2.A1B6",6
"TCGA.E2.A1BC",8
"TCGA.E2.A1BD",8
"TCGA.E2.A1IG",8
"TCGA.E2.A1IL",8
"TCGA.E2.A1IU",8
"TCGA.E2.A1L6",8
"TCGA.E2.A1L7",8
"TCGA.E2.A1L8",8
"TCGA.E2.A1LB",6
"TCGA.E2.A1LE",6
"TCGA.E2.A1LG",1
"TCGA.E2.A1LK",6
"TCGA.E2.A1LL",1
"TCGA.E2.A1LS",6
"TCGA.E2.A2P5",8
"TCGA.E2.A3DX",6
"TCGA.E5.A2PC",6
"TCGA.E6.A1LX",5
"TCGA.E6.A1LZ",6
"TCGA.E6.A1M0",5
"TCGA.E6.A2P8",5
"TCGA.E6.A2P9",5
"TCGA.E7.A3X6",6
"TCGA.E7.A3Y1",6
"TCGA.E9.A1N3",8
"TCGA.E9.A1N4",8
"TCGA.E9.A1N5",8
"TCGA.E9.A1N6",8
"TCGA.E9.A1N8",6
"TCGA.E9.A1N9",8
"TCGA.E9.A1NA",8
"TCGA.E9.A1ND",6
"TCGA.E9.A1NE",8
"TCGA.E9.A1NF",8
"TCGA.E9.A1NG",8
"TCGA.E9.A1NH",8
"TCGA.E9.A1NI",8
"TCGA.E9.A1QZ",8
"TCGA.E9.A1R0",1
"TCGA.E9.A1R2",8
"TCGA.E9.A1R3",8
"TCGA.E9.A1R4",8
"TCGA.E9.A1R5",8
"TCGA.E9.A1R6",1
"TCGA.E9.A1R7",8
"TCGA.E9.A1RA",8
"TCGA.E9.A1RB",8
"TCGA.E9.A1RC",8
"TCGA.E9.A1RD",8
"TCGA.E9.A1RE",8
"TCGA.E9.A1RF",8
"TCGA.E9.A1RG",8
"TCGA.E9.A1RH",1
"TCGA.E9.A1RI",8
"TCGA.E9.A226",8
"TCGA.E9.A227",8
"TCGA.E9.A228",8
"TCGA.E9.A229",8
"TCGA.E9.A22A",8
"TCGA.E9.A22B",8
"TCGA.E9.A22D",8
"TCGA.E9.A22E",8
"TCGA.E9.A22G",6
"TCGA.E9.A22H",8
"TCGA.E9.A243",6
"TCGA.E9.A244",6
"TCGA.E9.A245",8
"TCGA.E9.A247",8
"TCGA.E9.A248",6
"TCGA.E9.A249",8
"TCGA.E9.A24A",8
"TCGA.E9.A295",8
"TCGA.E9.A2JS",8
"TCGA.E9.A2JT",8
"TCGA.E9.A3HO",8
"TCGA.E9.A3Q9",8
"TCGA.E9.A3QA",6
"TCGA.E9.A3X8",8
"TCGA.EC.A1NJ",5
"TCGA.EC.A1QX",3
"TCGA.EC.A24G",5
"TCGA.EF.5830",7
"TCGA.EF.5831",7
"TCGA.EI.6506",7
"TCGA.EI.6507",3
"TCGA.EI.6508",7
"TCGA.EI.6509",6
"TCGA.EI.6510",7
"TCGA.EI.6511",3
"TCGA.EI.6512",7
"TCGA.EI.6513",3
"TCGA.EI.6514",7
"TCGA.EI.6881",3
"TCGA.EI.6882",7
"TCGA.EI.6884",7
"TCGA.EI.6885",7
"TCGA.EI.6917",7
"TCGA.EO.A1Y5",5
"TCGA.EO.A1Y7",5
"TCGA.EO.A1Y8",5
"TCGA.EO.A22R",5
"TCGA.EO.A22S",3
"TCGA.EO.A22T",5
"TCGA.EO.A22U",5
"TCGA.EO.A22X",5
"TCGA.EO.A22Y",5
"TCGA.EO.A2CH",5
"TCGA.EO.A3AU",5
"TCGA.EO.A3AV",6
"TCGA.EO.A3AY",5
"TCGA.EO.A3AZ",5
"TCGA.EO.A3B0",5
"TCGA.EO.A3B1",3
"TCGA.EO.A3KU",5
"TCGA.EO.A3KW",5
"TCGA.EO.A3KX",5
"TCGA.EO.A3L0",3
"TCGA.EU.5904",1
"TCGA.EU.5905",1
"TCGA.EU.5906",1
"TCGA.EU.5907",1
"TCGA.EW.A1IX",1
"TCGA.EW.A1IZ",8
"TCGA.EW.A1J1",8
"TCGA.EW.A1J2",8
"TCGA.EW.A1J3",8
"TCGA.EW.A1J5",8
"TCGA.EW.A1OV",8
"TCGA.EW.A1OW",6
"TCGA.EW.A1OX",8
"TCGA.EW.A1OY",8
"TCGA.EW.A1OZ",6
"TCGA.EW.A1P0",8
"TCGA.EW.A1P1",1
"TCGA.EW.A1P3",8
"TCGA.EW.A1P4",1
"TCGA.EW.A1P5",8
"TCGA.EW.A1P8",6
"TCGA.EW.A1PA",8
"TCGA.EW.A1PB",6
"TCGA.EW.A1PC",8
"TCGA.EW.A1PD",1
"TCGA.EW.A1PE",8
"TCGA.EW.A1PG",8
"TCGA.EW.A2FR",6
"TCGA.EW.A2FS",8
"TCGA.EW.A2FV",8
"TCGA.EW.A2FW",8
"TCGA.EW.A3U0",6
"TCGA.EY.A1G7",5
"TCGA.EY.A1G8",5
"TCGA.EY.A1GC",5
"TCGA.EY.A1GD",5
"TCGA.EY.A1GE",5
"TCGA.EY.A1GF",5
"TCGA.EY.A1GH",5
"TCGA.EY.A1GI",5
"TCGA.EY.A1GJ",5
"TCGA.EY.A1GK",5
"TCGA.EY.A1GL",5
"TCGA.EY.A1GM",5
"TCGA.EY.A1GO",5
"TCGA.EY.A1GP",5
"TCGA.EY.A1GQ",5
"TCGA.EY.A1GR",5
"TCGA.EY.A1GS",6
"TCGA.EY.A1GT",5
"TCGA.EY.A1GU",5
"TCGA.EY.A1GV",6
"TCGA.EY.A1GW",5
"TCGA.EY.A1GX",5
"TCGA.EY.A1H0",5
"TCGA.EY.A210",5
"TCGA.EY.A212",5
"TCGA.EY.A214",5
"TCGA.EY.A215",5
"TCGA.EY.A2OM",5
"TCGA.EY.A2ON",6
"TCGA.EY.A2OO",5
"TCGA.EY.A2OP",5
"TCGA.EY.A2OQ",5
"TCGA.EY.A3L3",6
"TCGA.EY.A3QX",5
"TCGA.F4.6459",7
"TCGA.F4.6460",7
"TCGA.F4.6461",7
"TCGA.F4.6463",7
"TCGA.F4.6569",3
"TCGA.F4.6570",7
"TCGA.F4.6703",3
"TCGA.F4.6704",7
"TCGA.F4.6805",3
"TCGA.F4.6806",7
"TCGA.F4.6807",3
"TCGA.F4.6808",3
"TCGA.F4.6809",7
"TCGA.F4.6854",7
"TCGA.F4.6855",7
"TCGA.F4.6856",7
"TCGA.F4.6857",3
"TCGA.F5.6464",7
"TCGA.F5.6465",3
"TCGA.F5.6571",1
"TCGA.F5.6702",7
"TCGA.F5.6810",7
"TCGA.F5.6811",7
"TCGA.F5.6812",7
"TCGA.F5.6813",7
"TCGA.F5.6861",7
"TCGA.F5.6863",1
"TCGA.F5.6864",7
"TCGA.FD.A3B3",3
"TCGA.FD.A3B4",3
"TCGA.FD.A3B5",6
"TCGA.FD.A3B6",1
"TCGA.FD.A3B7",6
"TCGA.FD.A3B8",3
"TCGA.FD.A3N5",6
"TCGA.FD.A3N6",6
"TCGA.FD.A3NA",6
"TCGA.FD.A3SJ",3
"TCGA.FD.A3SL",6
"TCGA.FD.A3SM",6
"TCGA.FD.A3SN",6
"TCGA.FD.A3SO",3
"TCGA.FD.A3SP",3
"TCGA.FD.A3SQ",3
"TCGA.FD.A3SR",6
"TCGA.FD.A3SS",6
"TCGA.FI.A2CY",5
"TCGA.FI.A2EU",5
"TCGA.FI.A2EW",5
"TCGA.FI.A2EX",5
"TCGA.FI.A2EY",3
"TCGA.FI.A3PX",5
"TCGA.FJ.A3Z7",6
"TCGA.FJ.A3ZE",3
"TCGA.FJ.A3ZF",6
"TCGA.G2.A2EC",3
"TCGA.G2.A2EF",3
"TCGA.G2.A2EJ",3
"TCGA.G2.A2EK",1
"TCGA.G2.A2EL",6
"TCGA.G2.A2EO",6
"TCGA.G2.A2ES",6
"TCGA.G2.A3IB",3
"TCGA.G2.A3IE",6
"TCGA.G2.A3VY",6
"TCGA.G4.6293",7
"TCGA.G4.6294",7
"TCGA.G4.6295",3
"TCGA.G4.6297",7
"TCGA.G4.6298",7
"TCGA.G4.6299",6
"TCGA.G4.6302",1
"TCGA.G4.6303",7
"TCGA.G4.6304",7
"TCGA.G4.6306",3
"TCGA.G4.6307",3
"TCGA.G4.6309",7
"TCGA.G4.6310",7
"TCGA.G4.6311",3
"TCGA.G4.6314",1
"TCGA.G4.6315",7
"TCGA.G4.6317",3
"TCGA.G4.6320",7
"TCGA.G4.6321",3
"TCGA.G4.6322",7
"TCGA.G4.6323",7
"TCGA.G4.6586",3
"TCGA.G4.6588",3
"TCGA.G4.6625",7
"TCGA.G4.6626",3
"TCGA.G4.6627",3
"TCGA.G4.6628",3
"TCGA.G5.6233",7
"TCGA.G5.6235",7
"TCGA.G5.6572",7
"TCGA.G5.6641",7
"TCGA.GC.A3BM",6
"TCGA.GC.A3I6",6
"TCGA.GC.A3WC",6
"TCGA.GC.A3YS",6
"TCGA.GD.A2C5",6
"TCGA.GD.A3OP",6
"TCGA.GD.A3OQ",6
"TCGA.GD.A3OS",3
"TCGA.GI.A2C8",8
"TCGA.GI.A2C9",6
"TCGA.GM.A2D9",8
"TCGA.GM.A2DB",6
"TCGA.GM.A2DC",8
"TCGA.GM.A2DD",1
"TCGA.GM.A2DF",1
"TCGA.GM.A2DH",6
"TCGA.GM.A2DI",8
"TCGA.GM.A2DK",8
"TCGA.GM.A2DL",8
"TCGA.GM.A2DM",8
"TCGA.GM.A2DN",8
"TCGA.GM.A2DO",8
"TCGA.GM.A3NY",8
"TCGA.GM.A3XL",6
"TCGA.GM.A3XN",8
"TCGA.GU.A42R",3
"TCGA.GV.A3JV",3
"TCGA.GV.A3JW",3
"TCGA.GV.A3JZ",6
"TCGA.GV.A3QF",3
"TCGA.GV.A3QG",6
"TCGA.GV.A3QH",3
"TCGA.GV.A3QI",6
"TCGA.GV.A3QK",6
"TCGA.GV.A40E",3
"TCGA.GV.A40G",6
"TCGA.H4.A2HO",6
"TCGA.H4.A2HQ",3
"TCGA.H5.A2HR",5
"TCGA.HN.A2NL",1
"TCGA.HQ.A2OE",6
"TCGA.IQ.7630",3
"TCGA.IQ.7632",3
"TCGA.JL.A3YW",6
"TCGA.JL.A3YX",1
"TCGA.K4.A3WS",6
"TCGA.K4.A3WU",1
"TCGA.K4.A3WV",6
"TCGA.K6.A3WQ",5
"TCGA.KJ.A3U4",5
"TCGA.KP.A3VZ",5
"TCGA.KP.A3W0",5
"TCGA.KP.A3W1",6
"TCGA.KP.A3W3",5
"TCGA.KP.A3W4",5
